Date,kf_alpha,kf_beta,kf_spread,kf_zscore
2015-01-01,0.0013432421067416885,0.19701536696105035,28.898021697998047,
2015-01-02,0.0010050470535603873,0.19708828647308635,0.14936332439370048,
2015-01-05,0.0037570597981092754,0.19794072443081953,1.1569397510181751,
2015-01-06,0.0052932765768354375,0.1981456154297415,0.21926628785802293,
2015-01-07,0.011286911626999126,0.19865011428534615,0.4709927718908702,
2015-01-08,0.012136615947424038,0.19885420914402024,0.1565538089519798,
2015-01-09,0.012145527955460781,0.19887142554479875,0.011729111845451001,
2015-01-12,0.0157261249490257,0.19964506927465003,0.5199794979904411,
2015-01-13,0.015368268776286494,0.19952175707697303,-0.07780840880174011,
2015-01-14,0.029133745478136838,0.20048738641802233,0.6569247799171976,
2015-01-15,0.048944747116810045,0.20225835346022572,1.1269414672989342,
2015-01-16,0.07855848210045938,0.20448576068853386,1.4052519582442642,
2015-01-19,0.09004631024197013,0.20597042517151215,0.8646555759915131,
2015-01-20,0.09074726546577215,0.2079464752313323,1.0444923512382687,
2015-01-21,0.09360501819505011,0.20929999521047524,0.7177425383704481,
2015-01-22,0.09594736957786025,0.2111172188833944,0.9371736527625387,
2015-01-23,0.09535274074545742,0.21194016011981803,0.40825834765368896,
2015-01-27,0.09739958102799945,0.21276359497117472,0.41396284178953024,
2015-01-28,0.09996900995511303,0.21325513945981023,0.24811566382697592,
2015-01-29,0.09954926023478322,0.21258471931138953,-0.31595944647543206,
2015-01-30,0.10240088077696764,0.2132262765000314,0.30770946042808944,
2015-02-02,0.11661640266271686,0.21009604008540653,-1.345114541588135,
2015-02-03,0.13237652244388523,0.20687131270927284,-1.3683200961822592,
2015-02-04,0.17365700065943937,0.20306207359457165,-1.5075604113012133,
2015-02-05,0.178023587039008,0.20094812115421723,-0.9047440833475413,
2015-02-06,0.17901158800872657,0.19803806815532324,-1.2372696655436677,
2015-02-09,0.1741631209079314,0.19277562084587022,-2.218730866625485,
2015-02-10,0.18448074536377337,0.1896978085643552,-1.2369333475749826,
2015-02-11,0.1879176782122494,0.18864072205324292,-0.418306165562214,
2015-02-12,0.2010396395260017,0.1866026422270472,-0.7687968609587941,
2015-02-13,0.20872633659735976,0.18518057406861152,-0.5338869047140946,
2015-02-16,0.20915653487134378,0.18605298831660547,0.33844449060962134,
2015-02-18,0.2093078489637433,0.18586967187694337,-0.06877828637778194,
2015-02-19,0.21540648413447946,0.18506261830244528,-0.28090688256143537,
2015-02-20,0.2193475143721373,0.18431809400083365,-0.26096146469749115,
2015-02-23,0.21992876469581493,0.183223285721326,-0.3921220346966514,
2015-02-24,0.216810196191639,0.18148356139284044,-0.6217124588211007,
2015-02-25,0.21383497153393208,0.1787374870080543,-0.9570532457114673,
2015-02-26,0.2063088170137154,0.17783881469200077,-0.3255105340089699,
2015-02-27,0.21734621854448402,0.17566756435963252,-0.6929486094477149,
2015-03-02,0.22566876790568113,0.17413224665322166,-0.4840623856301036,
2015-03-03,0.23838515496676313,0.17226974149096275,-0.5735751155104438,
2015-03-04,0.24309808960407348,0.17293234555892603,0.22305142107916254,
2015-03-05,0.26898772940213095,0.1745817522426104,0.5747258822005215,
2015-03-09,0.3481767826875253,0.17728037305337527,1.0058464004105794,
2015-03-10,0.3947250422266646,0.1792459729012202,0.6903999767250433,
2015-03-11,0.5225158820485873,0.18242028256141016,1.2201269254746059,
2015-03-12,0.5336124436170657,0.1841254351533681,0.5054768951284565,
2015-03-13,0.5481545141012377,0.18525986901427452,0.3481320398628718,
2015-03-16,0.6217040266753409,0.1883710658036752,1.0141518584803393,
2015-03-17,0.6302885914279495,0.1872821029847426,-0.2699083395878539,
2015-03-18,0.6303533920274061,0.18724499830621688,-0.009625556910759059,
2015-03-19,0.6328732491614956,0.18911257943424822,0.4887427486680842,
2015-03-20,0.6314174961862226,0.18809035428881624,-0.2631827347069624,
2015-03-23,0.6553714566415653,0.18543986808080448,-0.6141781830215791,
2015-03-24,0.6541632844159471,0.18510789930818203,-0.08482894243618233,
2015-03-25,0.6518620345741645,0.18373869364119416,-0.3371666829932387,
2015-03-26,0.6456650127313857,0.18321976221185793,-0.13609861005296153,
2015-03-27,0.6736172330809713,0.17935551653197657,-0.8496358181862824,
2015-03-30,0.6857166831166891,0.18178404997447306,0.5879979599079235,0.03377359068172789
2015-03-31,0.6952698734177628,0.18275287032977983,0.23916244180268365,-0.05727096991794801
2015-04-01,0.6935905742784394,0.1830598023755265,0.065592918858286,-0.10235741988129557
2015-04-06,0.7306662454591598,0.17919405557975493,-0.7904632205260036,-0.3278020750553315
2015-04-07,0.710712283763367,0.18107724084574844,0.38158384822017766,-0.012821444740833217
2015-04-08,0.7040140389133394,0.1819553118988527,0.1809534750038786,-0.06664266189349174
2015-04-09,0.6841576751789324,0.18421996092960694,0.45802672155173596,0.0089165854813487
2015-04-10,0.6873307659623089,0.18552998545682484,0.2863032366516549,-0.03803658730098093
2015-04-13,0.7068541176215597,0.18824468152405985,0.6036564553287853,0.0495623967476556
2015-04-15,0.7030946585050033,0.18763890463253927,-0.13178063821971264,-0.1546740069356005
2015-04-16,0.7113906734116113,0.1856370115792885,-0.39604179532144457,-0.22730369310351822
2015-04-17,0.7115871894072944,0.18561617163488647,-0.003930323701197835,-0.11542021866822258
2015-04-20,0.7124579858092033,0.18633394307784634,0.1455467276556739,-0.07227768086349258
2015-04-21,0.7853491074809833,0.19087473244937025,1.005640630880336,0.1735882285783519
2015-04-22,0.7960764815781601,0.19348965346553132,0.5279090946844001,0.03517481191435986
2015-04-23,0.7962175527780956,0.2008048946571522,1.4128593896967487,0.2908006915762762
2015-04-24,0.893040809412166,0.20670520306590942,1.29818025420942,0.2554062159008405
2015-04-27,0.9215692279737686,0.20947806183975104,0.5812040742368474,0.04369033770392554
2015-04-28,0.9206386815313656,0.21019340379134233,0.13470396551777242,-0.08828499248886676
2015-04-29,0.9219150396444665,0.21072537238718245,0.10169663653029914,-0.0975258145829878
2015-04-30,0.9097343332064891,0.2094155678815713,-0.2596897114597283,-0.20486219356409507
2015-05-04,0.9787202776087689,0.20404752253185918,-0.8807174478573252,-0.3899689418151956
2015-05-05,0.9991546757058786,0.2031333373642184,-0.1408702453709374,-0.1639184699922304
2015-05-06,1.0091550428591844,0.1996364598160333,-0.6320835150838846,-0.31216463165192593
2015-05-07,1.036606166082672,0.20170693060862047,0.41633846027126253,0.010367335212759008
2015-05-08,1.093950323690547,0.19696764611792353,-0.7795908958274076,-0.35747692645648504
2015-05-11,1.1058045726401828,0.19616154600069705,-0.13154113433247971,-0.1548942120781214
2015-05-12,1.0456382922383605,0.1920241427792848,-0.8264029513612279,-0.369956938202244
2015-05-13,1.1467271195310114,0.19638128921933914,0.9110780326296286,0.17557346627135928
2015-05-14,1.1442998985915567,0.19666218098072985,0.04651855572672048,-0.09736651344368996
2015-05-15,1.144681640376168,0.19626497275967306,-0.06920398796807348,-0.13342880511668284
2015-05-18,1.1631948267770795,0.19384902942772617,-0.3971612706545713,-0.23696927430823733
2015-05-19,1.1618741850881087,0.19410586581832728,0.04297285561686692,-0.09490681154253894
2015-05-20,1.1575026225325307,0.19231881586025804,-0.3130298979952819,-0.20885287442891862
2015-05-21,1.1571653307131238,0.18371623611318486,-1.4666393758005931,-0.579693000853873
2015-05-22,1.1545547099679676,0.1834352203791492,-0.05238088234823479,-0.11771348771638791
2015-05-25,1.1356119380672476,0.1819812464637703,-0.27112459738087935,-0.1884338848857619
2015-05-26,1.136158705985561,0.18211632169420608,0.02326741380339925,-0.0909257285331344
2015-05-27,1.131098481101335,0.18092099190044456,-0.20345747529324143,-0.16518322762390003
2015-05-28,1.1327844137470742,0.1810891982425011,0.02943843011878755,-0.08718460966800005
2015-05-29,1.186167052546025,0.18489133648906567,0.6727001677518452,0.12747294304411746
2015-06-01,1.2043239810150304,0.18728309860653147,0.40062357813463123,0.035774449904652776
2015-06-02,1.2743520702308202,0.18941023727808656,0.41799231370538337,0.04144339703728285
2015-06-03,1.2692738485954729,0.1890575899840764,-0.05976720003857139,-0.12028795260659185
2015-06-04,1.248157847011221,0.18595899078620456,-0.4870196725970857,-0.2647953604429646
2015-06-05,1.2632000520766977,0.18785423544908852,0.2978938772044941,0.004379752032122019
2015-06-08,1.2448420483213118,0.18648629228524874,-0.22118056005236397,-0.17366300627857562
2015-06-09,1.2547349399138703,0.1849890644731679,-0.20251079542314088,-0.16640137339450622
2015-06-10,1.2545658783801588,0.18505435096050787,0.009113122386452233,-0.09236302309168258
2015-06-11,1.242264162542688,0.1828151413479418,-0.3311476360059551,-0.21026057937102202
2015-06-12,1.2696868132586863,0.18444766327596954,0.26065538483383577,-0.0025237388406593023
2015-06-15,1.324746285834039,0.1871499894007329,0.4358164088844383,0.058976548093301356
2015-06-16,1.325207780156015,0.18560092529986527,-0.20862068281094537,-0.16853238234634216
2015-06-17,1.3101800588483534,0.18649575360325796,0.10328190591524944,-0.057305395067181
2015-06-18,1.3384270970234318,0.18384941798514537,-0.3266651267837801,-0.21000291251349548
2015-06-19,1.3435882960867485,0.18301411100813578,-0.10778743176914674,-0.13086802129094172
2015-06-22,1.3357221414065767,0.1854389347761525,0.31995331541880745,0.023218353501390062
2015-06-23,1.3325208089098621,0.1866373828787583,0.158603506873785,-0.03504764803919199
2015-06-24,1.3634757402571853,0.18765573335063193,0.1710991225367593,-0.030375550065195864
2015-06-25,1.363751896128134,0.1858741470013962,-0.2328388619525903,-0.17711706041231098
2015-06-26,1.3568158798283219,0.18473402455879795,-0.1558377367031767,-0.14825187000459294
2015-06-29,1.4635061768051343,0.18783522683339818,0.5163317055778869,0.0988285796672846
2015-06-30,1.5330339632213552,0.19393403396835823,0.8438939141396347,0.2189978005731704
2015-07-01,1.5285937377973469,0.19479454352582648,0.10410446357383307,-0.055379767687246235
2015-07-02,1.5464314788085451,0.1961743326868836,0.1933551397894604,-0.02202589199125714
2015-07-03,1.5420916644652605,0.19532714505821216,-0.10966586741168172,-0.13488016038791237
2015-07-06,1.5515020785732694,0.19609576863477376,0.10446327031997882,-0.05420996056811415
2015-07-07,1.588982407927813,0.19828559378725172,0.30519232152220965,0.021428482071130028
2015-07-08,1.570850763375287,0.19802165678520184,-0.05201436934634529,-0.11341330506819536
2015-07-09,1.6149095980776653,0.1924052285131237,-0.5924434856998495,-0.3175425769765681
2015-07-10,1.6233905884763615,0.1908183384232336,-0.1740939162805084,-0.15729538399845452
2015-07-13,1.6411172139530865,0.18946191872066973,-0.13738105010666857,-0.14267895157785682
2015-07-14,1.6517941264341156,0.19024667789194288,0.10254526738811975,-0.05024442860241327
2015-07-15,1.660442066661195,0.18836782872075516,-0.2050063096130259,-0.1682913819177956
2015-07-16,1.6757582263357629,0.18645395546377927,-0.202025797388945,-0.16649923268803662
2015-07-17,1.6709677413062156,0.18752707774873115,0.11761104984420001,-0.042070978144306624
2015-07-20,1.7246634398313747,0.18352868215977092,-0.4017038073824395,-0.24378425723669792
2015-07-21,1.6972112458900064,0.1797839407752124,-0.46197313719252264,-0.26634620980269746
2015-07-22,1.7103169751230134,0.18325931021540173,0.41402820314643307,0.07760491352526835
2015-07-23,1.726658531100539,0.18050832713121795,-0.2990604508171373,-0.20287352936905204
2015-07-24,1.7491647701219895,0.17593128681327344,-0.5039230497598872,-0.28286149102157077
2015-07-27,1.656714320789059,0.17413215789522976,-0.30874954473655336,-0.2046055374877454
2015-07-28,1.6659635803549306,0.17110571438887245,-0.33006384104304587,-0.21231775537552713
2015-07-29,1.6737695041121825,0.17001556490740707,-0.11445197808954077,-0.12566858523779773
2015-07-30,1.684577350329401,0.17080306987723243,0.09989357589249792,-0.03953556903928258
2015-07-31,1.6874555125287733,0.16934668020076132,-0.1582251594074755,-0.14295433656682494
2015-08-03,1.6881550206847442,0.16915514176873192,-0.020432259104790518,-0.08698827761362452
2015-08-04,1.6759554913008734,0.16977019103597618,0.05587841275578498,-0.055863517013929005
2015-08-05,1.6981714242364578,0.1749516103801715,0.6043217768858753,0.1666470684086546
2015-08-06,1.70061692041235,0.1739954323650449,-0.10557759818157564,-0.12265883559415515
2015-08-07,1.704373603892666,0.1733274673223341,-0.07149041753661578,-0.10833590470270439
2015-08-10,1.7252113232912882,0.17497815612554704,0.20707081534846594,0.006090327661417994
2015-08-11,1.6327734428114515,0.17317312758356718,-0.29693837194978556,-0.20098743429131963
2015-08-12,2.3999502382369933,0.1775803261868366,1.311708810084749,0.4624160616392429
2015-08-13,2.33257647753529,0.17699769820159733,-0.14469045861135754,-0.14096103147101524
2015-08-14,2.343180145863971,0.17573418781479674,-0.11917710629714406,-0.12992320940735705
2015-08-17,2.5317085065924783,0.1838729315314808,1.0588095943621063,0.3603243823187897
2015-08-18,2.6821197938817107,0.19056189825881245,0.8970820026131143,0.291640567222322
2015-08-19,2.8058258026619214,0.19370387999571403,0.49376290411942847,0.12197999319038326
2015-08-20,2.763258620918713,0.19162173741008298,-0.27211267793127547,-0.1998114511461751
2015-08-21,2.789565509263793,0.1857976649901554,-0.5683223474387304,-0.32378248504645096
2015-08-24,2.0676791042653395,0.18385763080019574,-1.1579272033420303,-0.5711164891620808
2015-08-25,2.067588638360464,0.1832827297178802,-0.060561157443858704,-0.10508197601969554
2015-08-26,2.0682934555424204,0.18475989369356052,0.15263132532193424,-0.014283098281732512
2015-08-27,2.0530007671978896,0.1927304136053896,0.7898823057598641,0.25699806018783944
2015-08-28,2.0342524794784853,0.1950822792085633,0.21928256092078868,0.012603985774609444
2015-08-31,2.043760393346544,0.19581857376545264,0.08810717556544745,-0.04361170795738352
2015-09-01,2.0827629130094327,0.19626916433161395,0.09792375571538692,-0.03926457198608331
2015-09-02,2.2319260246816293,0.19990545362805562,0.5532853670631805,0.15704713699866238
2015-09-03,2.1588864974069417,0.20483201750933847,0.3803540625166164,0.08185013051503787
2015-09-04,2.140056226978957,0.20436115414180342,-0.0709656376661556,-0.11400690228297967
2015-09-07,2.1432362438147656,0.2044714260581786,0.014632751141183675,-0.07646214696067352
2015-09-08,2.0988500463167745,0.2130403372011041,0.7321783487179694,0.23657490268634018
2015-09-09,2.204138690094243,0.20957692257058858,-0.19681681120457384,-0.17026902803131416
2015-09-10,2.222981325364284,0.213658078412191,0.41780818433829836,0.0997093480950965
2015-09-11,2.2064054717161405,0.2102603356548728,-0.3470296264659254,-0.23686291931938594
2015-09-14,2.1939103177474446,0.21105119717804885,0.05996277685070339,-0.05673270976634524
2015-09-15,2.115045567004837,0.20704481740504357,-0.48145179339996247,-0.29591764108575
2015-09-16,2.123736360784267,0.20513152941199564,-0.17046579082818525,-0.15719798090473558
2015-09-18,2.128575475268059,0.20552341744866004,0.042874742876474414,-0.06190875861468641
2015-09-21,2.2215648702899724,0.19853300755594974,-0.5355093684804615,-0.3195222913872606
2015-09-22,2.364242624586502,0.20009137490537157,0.32962080731573096,0.06805683758905749
2015-09-23,2.3896343094064756,0.20186302482552398,0.1930335554083733,0.006647628881899939
2015-09-24,2.37190078369942,0.2011036200311053,-0.09029329920066331,-0.12071642460544202
2015-09-28,2.3297708890872215,0.19833352609737692,-0.2952181915229488,-0.21272545036833418
2015-09-29,2.264317867219207,0.1968735383609957,-0.20970111391188695,-0.17349350361774105
2015-09-30,2.198700482487307,0.20128704867506075,0.29260737950468396,0.05456725865773058
2015-10-01,2.197430965334337,0.20154437479119366,0.02037756618472386,-0.06926038332812337
2015-10-05,2.0763897090350243,0.20740242450050603,0.35599768942562093,0.08381683263473197
2015-10-06,2.0663254668434665,0.20822395109159172,0.05951666498608432,-0.051830676125257095
2015-10-07,2.4555078926111347,0.1959969588823406,-0.6524235944938575,-0.3776231699060197
2015-10-08,2.440913745248473,0.1973452962101517,0.10949717237683387,-0.026876636904578498
2015-10-09,2.373875751241279,0.20327937900887474,0.4811517414457427,0.14424699294418275
2015-10-12,2.6425049089995625,0.19158125182203128,-0.8341773528711798,-0.4628392835719737
2015-10-13,2.6309730858415863,0.1906177567329171,-0.11051586766895838,-0.12701407277476692
2015-10-14,2.6580871377710866,0.18816791790194015,-0.2129338121203439,-0.1741573296627207
2015-10-15,2.6739398919486494,0.19414044185178042,0.6123685851245675,0.20983959672138897
2015-10-16,2.67355044896707,0.1936279160124516,-0.05192582170811022,-0.10019796851412321
2015-10-19,2.6630894129725844,0.1920730818599032,-0.16596822175423043,-0.15320701513758875
2015-10-20,2.6350052434973827,0.19062438329158837,-0.1733628631838151,-0.15627659287653461
2015-10-21,2.633346107601933,0.1910346371944404,0.037533191765241725,-0.05688362678069254
2015-10-23,2.6380008728364297,0.1931220006833107,0.20460217810183678,0.021884508406105205
2015-10-26,2.6339261958412927,0.1957733016489051,0.24734591562163644,0.04199742101929226
2015-10-27,2.6306159214706026,0.19528882290824084,-0.049468711427707035,-0.09849510110978238
2015-10-28,2.6308438814470305,0.19595158077892472,0.06215202352421301,-0.04532777489309935
2015-10-29,2.65598988703733,0.1985963030636193,0.2723054909514886,0.0546762957526505
2015-10-30,2.6641854162152048,0.19651725726871647,-0.1820751263505116,-0.16196303050480357
2015-11-02,2.6592649501054577,0.19634706340008537,-0.02096396351095109,-0.08461658654524358
2015-11-03,2.6965849191846574,0.1903306591255388,-0.4964130845434198,-0.3119916231497198
2015-11-04,2.6965393242495077,0.19031366456622653,-0.001586578432856811,-0.07379639773826302
2015-11-05,2.655984553018526,0.1841702986223776,-0.5928582273149097,-0.35792638770119833
2015-11-06,2.64641325436442,0.17943470232431494,-0.4379223437951403,-0.2823428911463683
2015-11-09,2.6654767166262157,0.18184125241605903,0.23819296623673836,0.044951714870521714
2015-11-10,2.654775425372285,0.18028016892532797,-0.1508765593447272,-0.14355406262191578
2015-11-13,2.7629712971357825,0.18604471860399177,0.6272027823963491,0.23441362668324234
2015-11-16,2.7184962975854488,0.1910903322367428,0.39698700780767027,0.12187417526756868
2015-11-17,2.71292462860182,0.1915494957578181,0.03494724941782579,-0.054935002430674694
2015-11-18,2.7590741325056034,0.19251110388291587,0.13870922414416853,-0.00409688957038153
2015-11-19,2.768850831659633,0.19126352785538225,-0.09741638605020952,-0.11975537601443975
2015-11-20,2.794371840462701,0.1943050041600649,0.2918941003512465,0.07166598111695992
2015-11-23,2.845047057482887,0.19568337941192146,0.17571339405977682,0.014328240439130842
2015-11-24,2.860842567422186,0.19716396733049457,0.1410047293224892,-0.002824361984669828
2015-11-26,2.8600214943055096,0.19725421043806318,0.006532201108630176,-0.06929873830627592
2015-11-27,2.9155158331490028,0.19383508752098438,-0.22460771327631335,-0.18366175949900618
2015-11-30,2.913897551422017,0.19281845233180003,-0.08732768150199277,-0.11507706924424059
2015-12-01,2.879355305490753,0.19520434932737543,0.16430097649507758,0.010414143335185163
2015-12-02,2.8472430726768687,0.19934304116371074,0.3192442941771958,0.08767888537638126
2015-12-03,2.8472995267082633,0.1993494687709197,0.0006116655158798778,-0.07180708747312704
2015-12-04,2.8481772536937053,0.19975803246212778,0.035488591862637975,-0.0541750595422054
2015-12-07,2.8452273619620936,0.2022883276421804,0.20952618424329117,0.03333547995082873
2015-12-08,2.8434382419515973,0.2022394937473124,-0.0060006140458668256,-0.07520116981140966
2015-12-09,2.8026507719947586,0.20086551574158454,-0.15477401218882392,-0.1500665761122059
2015-12-10,2.7920526683954385,0.20183674416967526,0.06587685687215128,-0.038218827316700614
2015-12-11,2.7575121780422047,0.2083534132527962,0.4843508561296801,0.1738246669151256
2015-12-14,2.791299585885156,0.2061641445740316,-0.1443783270343566,-0.14568494728206538
2015-12-15,2.7957756606343462,0.20486842995510363,-0.10278442031249568,-0.12421391225502833
2015-12-16,2.7992617782720877,0.20604624874988772,0.10104525734011105,-0.020047922850785525
2015-12-17,2.7122594321404896,0.21182228822283444,0.3910435146130382,0.1281351947234807
2015-12-18,2.7317807829181953,0.21405540541054702,0.20902815553320764,0.03468914166685992
2015-12-21,2.737252281311069,0.21335592805149767,-0.05319595282528056,-0.09990426763082783
2015-12-22,2.7708360722991574,0.21601468584445271,0.2578200368447625,0.060190847014497686
2015-12-23,2.8732726942465554,0.21092491244094497,-0.32745293110790286,-0.24141493393977717
2015-12-24,2.9194318980380105,0.20605969452789288,-0.37728147857748695,-0.2665987491474146
2015-12-28,2.9130601391182225,0.19869256730210844,-0.6565571700223387,-0.4103450327556263
2015-12-29,2.9179847734036013,0.20005606909490548,0.12787919380942725,-0.0031076500104132345
2015-12-30,2.91472959646936,0.20243430728925738,0.20872001379280647,0.038867183350630434
2015-12-31,2.914260776276585,0.20349875097488893,0.09435675137137878,-0.020705756916748145
2016-01-01,2.916317661760612,0.2012785417237646,-0.1949845658532574,-0.17148442269148328
2016-01-04,3.136417166868392,0.20691902826114084,0.7268797895654728,0.3103129539992213
2016-01-05,3.03656515052647,0.21941343587597925,0.9999251173021122,0.45238555369577904
2016-01-06,3.054799399034553,0.22074250123087824,0.14523356484514593,0.003511314410569038
2016-01-07,2.8893615542432944,0.21675502805082048,-0.5520202071133014,-0.36259269267593536
2016-01-08,2.893712783599103,0.21805907327552054,0.12149975576775063,-0.007528661852918646
2016-01-11,2.9146210465363485,0.2141169144947254,-0.3249895791774584,-0.6567012356761631
2016-01-12,2.9099122018101387,0.21384397014691736,-0.029554524111258473,-0.09264161614062234
2016-01-13,2.918570068694886,0.21184384636072462,-0.16369496663454441,-0.34132717645436594
2016-01-14,2.8879235116329878,0.20983479897777763,-0.20818655626792548,-0.4235861818957759
2016-01-15,2.85198903689506,0.20877261251943863,-0.1313126167695522,-0.2715822959498478
2016-01-18,2.9094981639444213,0.21467389982942242,0.5497305322028332,1.0345277759180944
2016-01-19,2.904770365523519,0.2162079237451613,0.12146312095320866,0.21079118834207947
2016-01-20,3.079947295756069,0.21908729793506151,0.44371676966737184,0.8309402429704619
2016-01-21,3.0817095637773537,0.22164805947636457,0.20675766415721952,0.373189980031172
2016-01-22,3.0483695624668083,0.22330882303633426,0.09582277407431761,0.16476721461051774
2016-01-25,3.0281709529780394,0.23110119234646104,0.6119534724837088,1.1713358577614696
2016-01-27,3.066739102342903,0.2366976588880037,0.5102764057104814,0.9937032021742104
2016-01-28,3.0862654411409616,0.2382054425285449,0.1483701181042676,0.2895060423709684
2016-01-29,3.106619113322098,0.23203714634285233,-0.4795593665992435,-0.9461464920522299
2016-02-01,3.1213715713248993,0.22878131084175943,-0.2519124135724482,-0.4872284828591875
2016-02-02,2.9472861125463625,0.22137663922538894,-0.8148538048379876,-1.6010234784618984
2016-02-03,2.879259500448658,0.21861333154640858,-0.31771197027263653,-0.6006620017856107
2016-02-04,2.9242212326716768,0.21364226659704608,-0.3539712822263823,-0.6675873466213211
2016-02-05,2.9262078250916033,0.21351009495124473,-0.008652080153190411,0.02653671643445538
2016-02-08,2.9468282496163565,0.21689507511130812,0.3070942816277551,0.654638624210683
2016-02-09,2.9465602670887656,0.21843163393863962,0.12702592963906412,0.29524642595849987
2016-02-10,3.1315662225631082,0.22396363245523368,0.6764796637416133,1.396025668141043
2016-02-11,3.1290293244706806,0.2239173089876931,-0.007042532161975146,-0.0006931509515176952
2016-02-12,3.1560262037821456,0.2243907691954106,0.07174764771384723,0.15152790069527972
2016-02-15,2.753129100087152,0.24200881584014464,0.8808955669345124,1.8360174078229645
2016-02-16,2.798166629827234,0.2476561895818747,0.528328434799672,1.0933121839598958
2016-02-17,2.7765441166115528,0.25270063288241135,0.3895665785259048,0.8129544729038728
2016-02-18,2.9373662172489876,0.2423395427182589,-0.664779222381835,-1.553988256239063
2016-02-19,2.938262953808763,0.24217217372390712,-0.013319031263023362,-0.09283251684870392
2016-02-22,2.9362707817010034,0.24268655069955455,0.041470345003777,0.02352581124196865
2016-02-23,2.943024611859595,0.24391795995128393,0.11261232548618239,0.17962646101054047
2016-02-24,2.959205002183373,0.24477886256760714,0.09180390575142283,0.134634829522591
2016-02-25,2.961354492892527,0.24312808846766906,-0.13189903872853392,-0.37416819544463104
2016-02-26,3.054985447010489,0.23522812342584193,-0.5326898897942982,-1.2815347041366996
2016-02-29,3.0563020149939293,0.23629865860991356,0.0908338432085678,0.13188097330722806
2016-03-01,3.027667814426719,0.24001004416711005,0.27256398656571434,0.5397699226480266
2016-03-02,3.1008509474248576,0.23629651572820973,-0.22971760703584465,-0.6095408789843075
2016-03-03,2.9728100037217553,0.24294693607022913,0.4390263496336857,0.9139423442258089
2016-03-04,2.964258284981278,0.2447097154035694,0.14863255075553639,0.24049685862918574
2016-03-08,3.0772431006110628,0.23679512630861152,-0.5962216117734336,-1.4818327919681098
2016-03-09,3.120146807686311,0.24304409689735978,0.6286213323767349,1.338472297977543
2016-03-10,3.1652894475875932,0.2381669019900879,-0.41000495135741133,-1.0644576533783356
2016-03-11,3.1664993959689425,0.23605448604666301,-0.1994811698351775,-0.5731159077249783
2016-03-14,3.1756656072228773,0.23436478632587654,-0.15038203356336766,-0.45401672214117544
2016-03-15,3.191396635056073,0.23916062377904218,0.47078876863811914,0.9998404279436277
2016-03-16,3.2549619103324603,0.24421318022577407,0.5462295371482853,1.1797234001178598
2016-03-17,3.252592649388144,0.24366527889837208,-0.05393457967602444,-0.21772252087514665
2016-03-18,3.3406329015032963,0.23723673320080196,-0.5068799004553277,-1.2846156873149888
2016-03-21,3.3503388183534972,0.23546551328017712,-0.1597692122441856,-0.4550857966273186
2016-03-22,3.3397476099133043,0.2377862353863543,0.21218563706718285,0.4419039674345321
2016-03-23,3.4026143716868487,0.23322041229240864,-0.38188036849849993,-0.9843195715989488
2016-03-28,3.51670963834739,0.23583342058228993,0.38057362810534556,0.8421173922827604
2016-03-29,3.5167622746845866,0.23745935469869098,0.15353648695667843,0.30142993672787965
2016-03-30,3.4148062069832767,0.24622516640508169,0.7266265281353732,1.6620410088047186
2016-03-31,3.418860028801875,0.24392847922060457,-0.2220342031828757,-0.6142800256227164
2016-04-01,3.4243023248541005,0.24507432362904918,0.11759916521091185,0.19983673721258968
2016-04-04,3.453529046344707,0.24112500083323268,-0.3532124173545377,-0.9311824426802392
2016-04-05,3.499894583392577,0.24376689718520364,0.3059938269561968,0.6480454041963306
2016-04-06,3.4591539793228416,0.24751135795852053,0.31791602584827316,0.6710486051407121
2016-04-07,3.462251606493041,0.24822674683977305,0.07262642614558601,0.08240072805960996
2016-04-08,3.463984608854931,0.24612342730231346,-0.19991929763039806,-0.575457604832376
2016-04-11,3.5274330856279357,0.24133045122710467,-0.4022330357283401,-1.0600338887405356
2016-04-12,3.534172754984158,0.2362751142368942,-0.4948190308014091,-1.2933712705889595
2016-04-13,3.588258232439858,0.23176227276043604,-0.40436489173205814,-1.0645870062335652
2016-04-18,3.5888426957279678,0.23161017733586864,-0.015179157285043487,-0.11576889591942056
2016-04-20,3.513646438828411,0.23776770149787024,0.5764707469836345,1.3212115886668578
2016-04-21,3.515810389117344,0.23636488745082404,-0.1498232665586947,-0.43995587670631087
2016-04-22,3.5169692521702522,0.23701480280264603,0.07107553177409898,0.10265890868319996
2016-04-25,3.5285271737151223,0.23835077848332123,0.15275429598147028,0.2993002916438287
2016-04-26,3.5540384525024704,0.23600724040884213,-0.22447096953839818,-0.624065413139309
2016-04-27,3.55762224452436,0.2373841536846358,0.15083117356876485,0.2918045197706469
2016-04-28,3.6166218610398415,0.24088018642951659,0.4231568992678234,0.9531138361788124
2016-04-29,3.6301911522127424,0.24492720873487817,0.42801368171628695,0.9798027794886076
2016-05-02,3.6786305850061067,0.23686197043807178,-0.7852929251448444,-1.9862317993961989
2016-05-03,3.6974516992674786,0.2408896674373349,0.4452465615676111,1.0619217368897393
2016-05-04,3.6752677779258747,0.2399328755186359,-0.12206774527641429,-0.3518450850676784
2016-05-05,3.6934767626314073,0.24339074351329906,0.36387987267034205,0.8949837159811967
2016-05-06,3.711688768136638,0.23856158083004203,-0.46285497150853416,-1.2145742396665309
2016-05-09,3.7116285990975513,0.23792574492970966,-0.06397621171905499,-0.19336102927830298
2016-05-10,3.733466339898075,0.24128918513521402,0.3560203947045437,0.8734478020378371
2016-05-11,3.7439614372763033,0.23898975572974065,-0.21691303113463078,-0.6028213114256034
2016-05-12,3.7674199174770413,0.2350009845160697,-0.3745942304275154,-1.0055226102685857
2016-05-13,3.8019472720911915,0.2373675557487366,0.27094675725325246,0.6509382761615872
2016-05-16,3.8021294885576236,0.23944197943550716,0.20254608976695465,0.47691802831074054
2016-05-17,3.8080024964001935,0.24185686712337934,0.23999954835060322,0.5680328363821184
2016-05-18,3.8082687497244865,0.2435216634992329,0.1606180715855352,0.3576140743065684
2016-05-19,3.831143262826621,0.24637567645792902,0.29502047571846646,0.7034745179649606
2016-05-20,3.8282696243877843,0.24425315319682225,-0.20263079794810324,-0.6031292002660764
2016-05-23,3.8256093090474192,0.23696476980056397,-0.6844130295740705,-1.8656301730392835
2016-05-24,3.83380044493356,0.24056196056685003,0.35120985725013654,0.8681129675399858
2016-05-25,3.8332835914152636,0.24063187169268013,0.00615108934985642,-0.04768764521308644
2016-05-26,3.8528828390258383,0.23726340917363242,-0.3050189505491012,-0.8666951777517422
2016-05-27,3.8572312245515277,0.2364839016764842,-0.07180507388377322,-0.2529780458618878
2016-05-30,4.725226654500204,0.1994303198450399,-2.994235359186387,-7.304220375136088
2016-05-31,4.715295622544652,0.20066499603511156,0.1694771452596271,0.36592592715170463
2016-06-01,4.7193966149303685,0.202822022291624,0.30050001578449326,0.678149903420375
2016-06-02,4.713659560177413,0.20399323588876744,0.1514294123159594,0.31539277177524244
2016-06-03,4.713719036174658,0.20385797564136268,-0.018130727853897355,-0.09750792724179347
2016-06-06,4.719663338103114,0.201522353006283,-0.3049544029929834,-0.7890471838464564
2016-06-07,4.729227721462957,0.1997339892424374,-0.22847868648201342,-0.5976732594634225
2016-06-08,4.7300904516451645,0.19892568750814166,-0.10707307394477183,-0.29784608716475885
2016-06-09,4.736513783851947,0.19681429524251107,-0.27388285722750894,-0.6983224524366367
2016-06-10,4.826964553284257,0.18540346236160185,-1.4358376011264475,-3.4354271051237615
2016-06-13,4.83208013264761,0.17819438956456962,-1.0184224768680608,-2.414604532571968
2016-06-14,4.835165981329069,0.17634125597094752,-0.26205165272470055,-0.6246453062317262
2016-06-15,4.833780845912985,0.17847464383963607,0.3008645198074298,0.6987333811370127
2016-06-16,4.851720554286368,0.17506978550646304,-0.4637417836929245,-1.1004946628336163
2016-06-17,4.854203831717372,0.17201895659475178,-0.43166764957063464,-1.0187351583926554
2016-06-20,4.845340653745324,0.1744492280908881,0.33708341859916047,0.7813436232779081
2016-06-21,4.861026238544707,0.1708965579747706,-0.49296714628982485,-1.1596871373908166
2016-06-22,4.860978185298116,0.1708540458417401,-0.0061450804175748885,-0.013984693489814608
2016-06-23,4.863738774861858,0.16968684712549054,-0.163452724564074,-0.38413741090648407
2016-06-24,4.822608012627709,0.16607821205754092,-0.546190394890349,-1.2736477548718101
2016-06-27,4.832773891359298,0.16125629079252574,-0.6555939172388889,-1.5215900859398297
2016-06-28,4.83672028004397,0.16277903996957055,0.21465483637349436,0.5070895925508007
2016-06-29,4.838531340185703,0.1620826717701108,-0.0937378311721595,-0.20905150581184836
2016-06-30,4.832728237557932,0.1632548181613191,0.1558978680500367,0.37420920605245755
2016-07-01,4.827504253718905,0.1646444487012511,0.18783510079376953,0.44864076038545386
2016-07-04,4.826136078885853,0.16520439990012983,0.07667523382441388,0.18617318197480276
2016-07-05,4.839077794501368,0.16906544535108622,0.5449254654595066,1.2703532430319606
2016-07-07,4.910837881389632,0.15612810921680667,-1.731613669180188,-3.901339171442281
2016-07-08,4.91059277737653,0.15559015081133531,-0.08077302161563438,-0.15514467580209196
2016-07-11,4.904409676144569,0.1576567286597831,0.2984956196490316,0.7079459910928827
2016-07-12,4.88889259126873,0.1595074929371115,0.2624990595624901,0.62503524191235
2016-07-13,4.87279604550295,0.16686047707430124,1.0971304005033957,2.4853565512284197
2016-07-14,4.87213207767762,0.168741421524471,0.2902394690950061,0.6668229732656675
2016-07-15,4.861206517092555,0.17399330859403978,0.7981387060544343,1.794958443974641
2016-07-18,4.861578908210084,0.17156484900047037,-0.37680940533564566,-0.8293937631288089
2016-07-19,4.860615104922496,0.1725608446292081,0.15316287272062468,0.3490570615813906
2016-07-20,4.864532564707294,0.17405886279361693,0.232806582055904,0.5237987198282336
2016-07-21,4.862716667645266,0.17348701056146915,-0.08780610442283177,-0.19502139986302996
2016-07-22,4.864622682932737,0.172644553662247,-0.1243329815737404,-0.2748422848707479
2016-07-25,4.864517477700785,0.1725007794466166,-0.021514644015542927,-0.04610488067747459
2016-07-26,4.895027284850414,0.17829981527819924,0.8766925189253456,1.943705883473296
2016-07-27,4.903870832327706,0.17432175514496245,-0.579269467256541,-1.2863469732953372
2016-07-28,4.907427386014723,0.1705669234492779,-0.5533411550655707,-1.2257510162765903
2016-07-29,4.909761467148106,0.1733834784809624,0.4192269403211668,0.9214151737451465
2016-08-01,4.901661598304009,0.17548256177500673,0.30471779511991315,0.6691114142809806
2016-08-02,4.901657145242635,0.1754776714719477,-0.0007301203354934671,-0.010973470434569277
2016-08-03,4.901948719360417,0.173312402666268,-0.3188140055575701,-0.7198016288393918
2016-08-04,4.890248090686987,0.1795761651421496,0.9134179752782394,1.994857999917776
2016-08-05,4.912500569204112,0.17684025524521568,-0.398732151980596,-0.9008310790459814
2016-08-08,4.96525901260837,0.16943141855864727,-1.1181397830894362,-2.4498600371171437
2016-08-09,4.964689753627258,0.16915826957114868,-0.04442576260874631,-0.10769854827378372
2016-08-10,4.962687276044212,0.1675335427801472,-0.2590765798927812,-0.5746038782584428
2016-08-11,4.973520486624244,0.16989122294412096,0.3766467070883692,0.8064449658034164
2016-08-12,4.976836386193447,0.16909556802024062,-0.12121045815454323,-0.27564065228356
2016-08-16,5.036575391809493,0.1625430143267013,-1.0013278146211952,-2.1640928690387655
2016-08-17,5.027025748658878,0.16648895147260834,0.6466504505443993,1.3891576313751561
2016-08-18,5.026849717418891,0.16636330705622973,-0.02098334515128286,-0.05008529638117135
2016-08-19,5.036254185868615,0.16422678262506551,-0.34843619688230376,-0.7505016195038038
2016-08-22,5.037846751019935,0.16486262867799886,0.10690442866176042,0.22682850104273442
2016-08-23,5.0371740833101075,0.16403748021559017,-0.1360626326431138,-0.2890145862821752
2016-08-24,5.042608622141096,0.16017344359055588,-0.6292144679077758,-1.3599930043232058
2016-08-25,5.038729016004389,0.15880170143960853,-0.2273890093369033,-0.48199872225356605
2016-08-26,5.041401292466222,0.1561695694899204,-0.4255538048998311,-0.9098365645445616
2016-08-29,5.043803379899636,0.1553585006529158,-0.13110654635290686,-0.25455015065787984
2016-08-30,5.054008734772961,0.15314305731424616,-0.3609302033591639,-0.7581695222482713
2016-08-31,5.052041209654557,0.15251807225243819,-0.10516201888522758,-0.19128934740156228
2016-09-01,5.059540556585039,0.15602962038194348,0.5790830594896015,1.3195404478717028
2016-09-02,5.05970796647143,0.156391928244026,0.05912302190590424,0.15511326021199434
2016-09-06,5.052113111497423,0.15975001446921477,0.5418139102337705,1.2329409403713316
2016-09-07,5.05054587645584,0.16086018171651462,0.1815985582495614,0.42394043406646814
2016-09-08,5.041183623876141,0.1648588510143172,0.65536344815024,1.4915981568003647
2016-09-09,5.064716932470331,0.16796916891269142,0.5268226082529281,1.1969141224509667
2016-09-12,5.14088775302113,0.17187193912374069,0.6673128721929764,1.5003484141502474
2016-09-14,5.142953025358662,0.17006095204762656,-0.2724025963753185,-0.595379339422552
2016-09-15,5.161079016051599,0.16363646529051362,-0.9628990428326745,-2.1111889823154537
2016-09-16,5.1564830706411175,0.16224806544543457,-0.2176249632124616,-0.45218810783608787
2016-09-19,5.156595884428576,0.16215181545304524,-0.014600683958231997,-0.0015462113476365702
2016-09-20,5.156014733809247,0.16243440022552402,0.0427639536542479,0.12567642847673624
2016-09-21,5.1647199289194825,0.16054515342626108,-0.2855661354842667,-0.5978043807519797
2016-09-22,5.173409073391803,0.15903217694331268,-0.23281625504901626,-0.4796364911458659
2016-09-23,5.174315021279545,0.15656485705915477,-0.39291081074451384,-0.8302956782151613
2016-09-26,5.17388022029039,0.15607983361837946,-0.07747520345660774,-0.12823904525819022
2016-09-27,5.183770123477079,0.1584687172002373,0.38119284612941584,0.8931042871224733
2016-09-28,5.186401657154834,0.15807907755691267,-0.05976909726551227,-0.09529645423816457
2016-09-29,5.193496158847451,0.15904539787319316,0.1567677989058538,0.38622602612046797
2016-09-30,5.193227880086669,0.15915703744718576,0.017126905319337027,0.07406132634200084
2016-10-03,5.188446172659089,0.1619825927027098,0.43764170120324053,1.006872847878531
2016-10-04,5.18731881848326,0.16602041232087003,0.6324965386675423,1.436132018062741
2016-10-05,5.196518195778435,0.16309572832706878,-0.4587608060222621,-0.9922999776891891
2016-10-06,5.198786776365513,0.16142494904485968,-0.2669922520132104,-0.5630405025241637
2016-10-07,5.200940009010464,0.16944213002365752,1.2898885726268787,2.8456254738765714
2016-10-10,5.191944425251202,0.17274006843929002,0.5426349506565167,1.1976316638175584
2016-10-13,5.212593366410155,0.1764042191412669,0.6185637575679834,1.3570035077005644
2016-10-14,5.212866868327991,0.17664779412893297,0.03985819583039074,0.09468364580997121
2016-10-17,5.22803256057844,0.1800188731742219,0.550154920739125,1.2039213085522982
2016-10-18,5.220718628324741,0.18526737349925682,0.8305413638055263,1.7961123038255997
2016-10-19,5.224038780108645,0.1877301951865366,0.397900946148404,0.8533356181064383
2016-10-20,5.237847721169239,0.18445729767596702,-0.5183141095024126,-1.125609370701742
2016-10-21,5.246502060210615,0.18713156808101605,0.4384585276952464,0.9451076937702096
2016-10-24,5.247723988362201,0.1879807098972645,0.13654560426437,0.28516175012070044
2016-10-25,5.245214067738411,0.18334562532610446,-0.7357237318136569,-1.6014051198317563
2016-10-26,5.242065087090115,0.17534335558400302,-1.2746771111448076,-2.7204052297239136
2016-10-27,5.242991832867892,0.1757646706064525,0.06911128599796967,0.1550149246272644
2016-10-28,5.239980053146159,0.17832800205027557,0.40930973487544975,0.8788765311948596
2016-11-01,5.2518912141049645,0.17669905850722126,-0.2580455508825956,-0.5482684480039536
2016-11-02,5.252578301540551,0.17500222357848647,-0.28057220609603206,-0.5952859500287
2016-11-03,5.318366149121199,0.163852871767152,-1.8274791823251206,-3.7748243804307764
2016-11-04,5.325937450214131,0.16616529999901702,0.4170484599604727,0.883096340367061
2016-11-07,5.349973876148595,0.1627276255482271,-0.5960284591024347,-1.2082777948979955
2016-11-08,5.351430320596569,0.16083193380044566,-0.3422917126026306,-0.6802303716610318
2016-11-09,5.3530354881253,0.16117032546525967,0.06151794165955238,0.15455644172290772
2016-11-10,5.308773357534419,0.16552941421483225,0.7620226186474852,1.5916580119000607
2016-11-11,5.307340757966739,0.1646298271059119,-0.16755797538646533,-0.3217367472535889
2016-11-15,5.266569812641777,0.15470715390894516,-1.8279934191484344,-3.6253968686794757
2016-11-16,5.2793946686124364,0.1572614340390468,0.48533679009134545,1.0012652187951372
2016-11-17,5.294709610477659,0.15320546401129026,-0.7370092675435487,-1.4354268263667556
2016-11-18,5.292053940693325,0.15183194685461468,-0.256184590665697,-0.4799711345839317
2016-11-21,5.29547936586599,0.15227015670562646,0.08147032723930536,0.19120364303377269
2016-11-22,5.326249388397918,0.14761081374327567,-0.813667924813128,-1.585198928941209
2016-11-23,5.326482521713941,0.14757485219194025,-0.006528801990736355,0.022150182824915227
2016-11-24,5.342898665541363,0.1447299636627292,-0.5317062406620181,-1.0166792415544676
2016-11-25,5.340063566611346,0.148505463889312,0.7270314318010129,1.488080070233192
2016-11-28,5.341300184866721,0.14945587050433068,0.18405532411546233,0.4065216698439638
2016-11-29,5.350524886146343,0.15289301505267083,0.6579152551768992,1.3403125808327392
2016-11-30,5.350660906668807,0.1554761877572031,0.4875717574750986,0.996132911219184
2016-12-01,5.356263021076646,0.15703896049912663,0.29487007050722625,0.6148789373263381
2016-12-02,5.358841408015377,0.1580216715423815,0.18131096108806233,0.3901775891882442
2016-12-05,5.365912082968848,0.15634848893771214,-0.3019902229441307,-0.5621824637073515
2016-12-06,5.364590866128832,0.15746752553602916,0.20605229867446795,0.4406700583509117
2016-12-07,5.36424076674417,0.15519965572667355,-0.4185430644429502,-0.7916630336491997
2016-12-08,5.350459611470578,0.15958859765700736,0.8074558188509044,1.6140092701403193
2016-12-09,5.355863875777874,0.15738261425687353,-0.4149716338161866,-0.7822343298516887
2016-12-12,5.356201447807861,0.15477143561489082,-0.4962710337156935,-0.934619576354477
2016-12-13,5.365403315004017,0.15713762331718784,0.4497360671179145,0.9153785134680447
2016-12-14,5.364999801202233,0.15678323288971094,-0.06583481889250464,-0.0931266680672844
2016-12-15,5.365019890889901,0.15730151721987526,0.09523250932334903,0.22313778475683882
2016-12-16,5.3783670633540615,0.15997606527782526,0.4906308014723919,0.9915980707790655
2016-12-19,5.377808873091465,0.1595711276242347,-0.07222752756443995,-0.1090834961182394
2016-12-20,5.375439531804322,0.15831963600800458,-0.2207546064348378,-0.39706638329003896
2016-12-21,5.376816345925857,0.1572123816850695,-0.19232483269055578,-0.33683740862453615
2016-12-22,5.3839713264023,0.15822903352657872,0.17869834495041204,0.38682708228682144
2016-12-23,5.387085980415359,0.1594556208338901,0.20658197373009557,0.4388487905741789
2016-12-26,5.406918213810108,0.16174833895274104,0.3850338157427373,0.7848842771058944
2016-12-27,5.3996852123568955,0.16392545606400485,0.3435769972742264,0.7044326448159688
2016-12-28,5.400066745371507,0.16414726741222083,0.03580542197314429,0.1041991318456959
2016-12-29,5.399306825462619,0.1648927219967239,0.11829053661288569,0.2641310423654058
2016-12-30,5.399598910656113,0.16414247509547428,-0.11933542459888358,-0.19765059845511115
2017-01-02,5.38616235692106,0.16772673975978353,0.5668713848279623,1.1356493999088566
2017-01-03,5.386542445964491,0.1663912546703178,-0.21684191120014873,-0.3961177613092523
2017-01-04,5.386487327637496,0.1672359707892749,0.13695980141541853,0.28989317438876316
2017-01-05,5.376219049518542,0.17072341620177692,0.562271214176306,1.1173920655837501
2017-01-06,5.377803529668493,0.17229658460428,0.25933057495161194,0.5246041945903057
2017-01-09,5.389064593323804,0.17626408456956652,0.6506404446033613,1.2810975675804563
2017-01-10,5.398778341401587,0.17456636154186864,-0.27340475238655415,-0.5186807135778319
2017-01-11,5.427478231437081,0.17138756851168277,-0.5291422835049104,-1.0092294912841504
2017-01-12,5.432756656691871,0.16901641053921346,-0.4170970716812761,-0.7847265663093729
2017-01-13,5.446700560774991,0.17261915225605504,0.6418890547828724,1.288294823321365
2017-01-16,5.44648008300346,0.17773605133661818,0.8948309399895606,1.765349894398369
2017-01-17,5.446519898960532,0.17776609374797178,0.005307834222385566,0.03083943548174061
2017-01-18,5.444881884534735,0.17812084568727185,0.061952609732678354,0.13846780865681385
2017-01-19,5.445026048542186,0.17848694062297304,0.06543104007459277,0.14451822937766137
2017-01-20,5.440827783887391,0.1773803789371159,-0.19686012613696136,-0.36732258830192466
2017-01-23,5.489763578337167,0.1707957532757226,-1.1477908263381522,-2.1957845359300205
2017-01-24,5.507697092270804,0.16668852646109117,-0.7616509708587955,-1.4383080911508566
2017-01-25,5.510963985123247,0.16550768617559258,-0.22555165282884815,-0.40056370213466547
2017-01-27,5.510995412786167,0.16534649711592653,-0.031141748249311263,-0.024155619429241847
2017-01-30,5.512776222730628,0.16190153883808903,-0.6644912188562415,-1.2364886982430736
2017-01-31,5.51421967955276,0.16328954857286979,0.2689356820033879,0.5621760579799518
2017-02-01,5.528229356304629,0.1607876995495685,-0.4853006312142156,-0.8855985589556098
2017-02-02,5.54477521184605,0.16577038919273826,0.9899628164030574,1.9414715751011484
2017-02-03,5.544739212069676,0.16574195235387407,-0.005602053338897406,0.03844965613897904
2017-02-06,5.546642554722748,0.16729840882722274,0.3029558715966445,0.6292008215907202
2017-02-07,5.55689183575126,0.17062245957545968,0.6400765801828214,1.2652841398444408
2017-02-08,5.563143337641573,0.16739004705082866,-0.6149344243300092,-1.133082452975541
2017-02-09,5.562782682375006,0.16729289060196278,-0.018657782536145362,0.0003832654860743803
2017-02-10,5.56993047376263,0.17202663555132106,0.8872007240034989,1.721179576045089
2017-02-13,5.570812694636776,0.1715888762059765,-0.08212111879865347,-0.13211350182554396
2017-02-14,5.574346506129111,0.1695464698030335,-0.38615194154626664,-0.7096158692103127
2017-02-15,5.5693225204311165,0.16689153674301865,-0.5052382197713001,-0.9299264439533597
2017-02-16,5.567216545596975,0.16786062877075644,0.18291733201228055,0.38222999106053107
2017-02-17,5.5751184619687235,0.17065829069479643,0.5315301106192862,1.04957262607386
2017-02-20,5.578866970801229,0.17873647887765626,1.5124537650381953,2.8631944350399787
2017-02-21,5.580769396645681,0.18158326854818732,0.5471241780521154,1.0444078460560005
2017-02-22,5.58026096078527,0.18130744143922148,-0.05263278591515075,-0.07307163188125344
2017-02-23,5.581841581494749,0.1800933189503573,-0.2283890978282841,-0.3993568010500612
2017-02-27,5.581011147697524,0.17914548033240407,-0.17888266969472255,-0.301931489389447
2017-02-28,5.58722018618501,0.17665137598116962,-0.4673762247132558,-0.8499334401689236
2017-03-01,5.578438890749624,0.17912361555996018,0.4705680294443013,0.9201892806115638
2017-03-02,5.579361493575346,0.176930618434667,-0.42499386376750437,-0.7676513357306107
2017-03-03,5.624094114690965,0.1691605719061103,-1.520223695193664,-2.7789470586622156
2017-03-06,5.626343599413481,0.1669916013388246,-0.44829093561336464,-0.7821773032061596
2017-03-07,5.631849456199116,0.16824197127541266,0.2574140498070179,0.5245883469794441
2017-03-08,5.628692453653289,0.16664316110821997,-0.3202919753145608,-0.5494085984487808
2017-03-09,5.628265102394851,0.1661461888465376,-0.09820680605707821,-0.13551597464121604
2017-03-10,5.628951749446008,0.16672962334327757,0.11420924526683507,0.26034417091515266
2017-03-14,5.629585860433903,0.16637053008185473,-0.0697177390780439,-0.08267086173561625
2017-03-15,5.628649079966363,0.1684820615423041,0.4123384205794949,0.81376575900081
2017-03-16,5.620446005904833,0.17013212724824356,0.32499661466669494,0.6496630314743012
2017-03-17,5.624320662613099,0.1732400931561636,0.6249698076587293,1.1972879907191762
2017-03-20,5.624144467678241,0.1713803071188168,-0.37215686469792075,-0.6482483567186255
2017-03-21,5.626660068860456,0.16945022654159678,-0.3860691708755084,-0.6743957690449702
2017-03-22,5.628721525043156,0.1701133788621825,0.13276582532435555,0.2887057150670746
2017-03-23,5.628797251525781,0.1727495262614204,0.5179069227601758,0.9986596897169485
2017-03-24,5.630106741906443,0.17105600903921445,-0.3331187288306765,-0.5768231217619756
2017-03-27,5.624168636196042,0.16964389377773692,-0.2771118751750947,-0.46745212744092207
2017-03-28,5.623975063378084,0.1702415373593865,0.1145447106371904,0.2608385455047821
2017-03-29,5.624932261822979,0.16970748943171957,-0.1024557516673994,-0.1465514204229873
2017-03-30,5.6235856482422,0.16860352351449753,-0.21285619615117213,-0.35206380842960905
2017-03-31,5.629584273132435,0.16663333923721116,-0.37834626935876514,-0.6560604785625674
2017-04-03,5.631384263636503,0.16891205753766614,0.44362983707988946,0.8697328552953748
2017-04-05,5.633587069519876,0.16815099252030064,-0.14827846945313183,-0.22941730507388494
2017-04-06,5.651034668875426,0.17474218902279054,1.2948279879015487,2.425156764472221
2017-04-07,5.649922316279487,0.1722562567376902,-0.49109128032703353,-0.8601445720638666
2017-04-10,5.6505409582663395,0.171615933575411,-0.12616120717683543,-0.18659402307682824
2017-04-11,5.6543198194835025,0.1676643530749821,-0.7809710008320607,-1.3849955991299197
2017-04-12,5.650870419347945,0.16610583305256305,-0.3100901946834398,-0.5184002367204695
2017-04-13,5.668012449356064,0.1684878859425928,0.4652494454996159,0.9074621031009034
2017-04-17,5.670366873921763,0.16974345492014298,0.2358018331688072,0.4860602586229856
2017-04-18,5.681222918463188,0.16274587480743422,-1.2984723140580954,-2.303154392567292
2017-04-19,5.684439225222844,0.16081584614621566,-0.3689239701449907,-0.6088499003186085
2017-04-20,5.684029987943674,0.16171662046352603,0.17302950800970507,0.37359284864803965
2017-04-21,5.687076961100916,0.15909141901062768,-0.5041327804303819,-0.8595017939063797
2017-04-24,5.69155386667537,0.1567258410464568,-0.4577851991476436,-0.7744969268612233
2017-04-25,5.691069264184997,0.1573802229721734,0.1278387686544349,0.2905667045549679
2017-04-26,5.705652834720905,0.1530946682379541,-0.8417761223036422,-1.4614264182188588
2017-04-27,5.703687537475446,0.15136940847392102,-0.34612417982283006,-0.5591611800901408
2017-04-28,5.709260892655817,0.14929650122738836,-0.41425300832847256,-0.6788066984533605
2017-05-02,5.710986005112424,0.14696399296326249,-0.4723399088243809,-0.7789416966563704
2017-05-03,5.7118726635835735,0.14741608569761383,0.09153991377341697,0.24090827455400665
2017-05-04,5.72413410674332,0.15128965133480107,0.7709992201697844,1.462235135862454
2017-05-05,5.732626225081237,0.15302039635669915,0.33927872913526613,0.6836902369201248
2017-05-08,5.733674456696729,0.15370558917210383,0.13046005472503452,0.3090158011439269
2017-05-09,5.735095557463558,0.15270371173881175,-0.18879187951827703,-0.27359634499399715
2017-05-10,5.734530162622942,0.1536659566842193,0.18226143141364304,0.40219673191078825
2017-05-11,5.749577691179665,0.15020627113467602,-0.6594391416855743,-1.1205840747204365
2017-05-12,5.74952036315641,0.15016707038907673,-0.007649140818379863,0.06358040441052228
2017-05-15,5.740009278760544,0.15225072560347588,0.4052934355695754,0.8065127918649021
2017-05-16,5.741666618598968,0.1539744133763484,0.3422855766759838,0.6886230797456083
2017-05-17,5.723925740334448,0.16655066355836934,2.48798771656044,4.387777987403068
2017-05-18,5.728706138641498,0.16810066667590506,0.33157650377035,0.624688387422426
2017-05-19,5.737045296065488,0.17177653162362744,0.7634879031186443,1.3651671556544336
2017-05-22,5.736974213929418,0.17168239141573596,-0.019351450860597197,0.007436543492063388
2017-05-23,5.7369017975372385,0.1717546343318579,0.014716858048203108,0.06795716434318722
2017-05-24,5.741144084231518,0.17310429891389015,0.274386307115293,0.5190563016593387
2017-05-25,5.745316627698763,0.1709049102292116,-0.43890299929864085,-0.7160244536049524
2017-05-26,5.72779387925076,0.17446375735982864,0.7200557697576357,1.2903285656496013
2017-05-29,5.735085060850432,0.17108609312478057,-0.7033511417200984,-1.1686066041173675
2017-05-30,5.735476740719182,0.1707846601432621,-0.06359374598500267,-0.06779010846210969
2017-05-31,5.734552568595997,0.1700790785717214,-0.14872533140594157,-0.21196770454731717
2017-06-01,5.734256081369896,0.16994566489480323,-0.02774542155123072,-0.0020309407037064535
2017-06-02,5.7336670734923345,0.16817998638947443,-0.36156762829088507,-0.5801645162026366
2017-06-05,5.733665262327179,0.1677424295193596,-0.08923168060204034,-0.10807791984848551
2017-06-06,5.734576209046354,0.16862192951349075,0.1783798988536347,0.35298436958886426
2017-06-07,5.735669834444849,0.16751868225118474,-0.2221763076121661,-0.3780392973053552
2017-06-08,5.734014552036388,0.16948565873523885,0.3973660234695089,0.755949360406107
2017-06-09,5.733529191019922,0.16969996308114846,0.04358407592449964,0.10890059401989167
2017-06-12,5.734858267591905,0.1714255902002487,0.3530886015386159,0.6724548900644287
2017-06-13,5.734869848610982,0.17162169479365247,0.039901595686174574,0.0969169892729986
2017-06-14,5.734350546854778,0.16978699130353073,-0.3717957622160384,-0.655440574075204
2017-06-15,5.740378105385135,0.17245487108973973,0.5371949012206656,1.0012444211880471
2017-06-16,5.741457857519935,0.17351359132397348,0.2105818557295649,0.4013003030747989
2017-06-19,5.734359982641045,0.1756300312663679,0.42029233894636775,0.7806264282226241
2017-06-20,5.734156225913291,0.17585655839970846,0.04578265093816469,0.08069174109124302
2017-06-21,5.74348877465027,0.17861136062632443,0.5544107392591044,1.020494578276379
2017-06-22,5.755388012521003,0.18200571733973575,0.6693897762823156,1.2286320722081558
2017-06-23,5.75491775722576,0.1817937248141747,-0.04108254461700511,-0.09277121205290811
2017-06-27,5.756771277033968,0.18407317986410907,0.4347747322004949,0.785126163589825
2017-06-28,5.753937682193452,0.18614104491909716,0.39319583972804395,0.7072527650188875
2017-06-29,5.747938919000785,0.18978625965268006,0.6989234045691788,1.2646269861931452
2017-06-30,5.752037004935531,0.19531553545997613,1.072015978887329,1.934200014446547
2017-07-03,5.763274882087107,0.192180993121022,-0.6157746815432503,-1.1671588540058886
2017-07-04,5.7672258008124295,0.18922927300037554,-0.5918795406578425,-1.1225339631107574
2017-07-05,5.767115013455708,0.18955700677248316,0.06623062023018633,0.0807146278869123
2017-07-06,5.772003095851944,0.1932493242272894,0.743143784552224,1.3191708248638032
2017-07-07,5.773667026055361,0.19461782153597829,0.27416307503430914,0.4554662668999164
2017-07-10,5.772935835017397,0.19616018278363634,0.30643190917281515,0.5133725621655685
2017-07-11,5.788799888194534,0.19083251306514196,-1.0644848928173545,-1.9768841772557442
2017-07-12,5.78871234984262,0.19135650038314922,0.10739509756580645,0.15596289118175272
2017-07-13,5.792998079459256,0.18956377064541824,-0.36794248820288544,-0.7032168877123622
2017-07-14,5.795830318611638,0.18635241023771346,-0.6668286035508828,-1.2775074850452162
2017-07-17,5.8002613075646385,0.18395522609182977,-0.5029406245767021,-0.9688383341663804
2017-07-18,5.802450469990387,0.1864820223807018,0.5333393085062497,0.9457964669792414
2017-07-19,5.809046566664386,0.18442942229947312,-0.435087620455036,-0.8379769227115957
2017-07-20,5.809582951232216,0.18271377066747224,-0.36894776464830414,-0.7100668810976067
2017-07-21,5.810687951713161,0.1804797753548014,-0.4809797398999933,-0.9116281641295764
2017-07-24,5.810595537883632,0.1787758180826267,-0.36746500509630664,-0.6945506657778053
2017-07-25,5.819611951074859,0.17573349000550775,-0.6609568864362387,-1.2367579883963769
2017-07-26,5.81686763507627,0.17898253430847424,0.718428535847444,1.3195319346288303
2017-07-27,5.816746830279283,0.17784772331154014,-0.25235546099759176,-0.4759405067885951
2017-07-28,5.819010373749769,0.17864851143954166,0.17612069550295217,0.3160597813878564
2017-07-31,5.814656723945755,0.18109551450809103,0.5330232203070651,0.9707675417095608
2017-08-01,5.823097459590587,0.17835742493945106,-0.6077511090162133,-1.1318899363148058
2017-08-02,5.827131770890957,0.17532432799546221,-0.6862341076336165,-1.2677191981939817
2017-08-03,5.833455324037553,0.17710837207306426,0.40213786987119704,0.737712851478891
2017-08-04,5.828595228845567,0.17966848961840817,0.5711857281746404,1.0422479028183602
2017-08-07,5.820443875691059,0.1862001783497145,1.4766577811506636,2.674148855416538
2017-08-08,5.81956889329798,0.18646091911489937,0.061093043800134694,0.09115371821951412
2017-08-09,5.834760335070512,0.17946347232590634,-1.6696943394018149,-3.0032224539851207
2017-08-10,5.834940197661335,0.1798287155634347,0.08960758060814555,0.14970901151677157
2017-08-11,5.913547667531398,0.1895609981129295,2.312604942978936,4.015691167726611
2017-08-14,5.903207012652877,0.19290441033082037,0.8105850627792606,1.3819494949360964
2017-08-16,5.90451354699269,0.19232323416513344,-0.14300192169940118,-0.2866179803257968
2017-08-17,5.905175355837052,0.19288965449861487,0.13929262553257615,0.2071962067594941
2017-08-18,5.905255188014674,0.19321878876590445,0.08011394491540358,0.10109751854575394
2017-08-21,5.91150474728382,0.19585868718720714,0.6344087353719061,1.0702189193374199
2017-08-22,5.916803508144478,0.19241937025978656,-0.8216323189452268,-1.4695465989173604
2017-08-23,5.913803665685834,0.19532411729802115,0.701289223659586,1.1797097964380483
2017-08-24,5.913719293818456,0.19540778786178192,0.020334713297067708,-0.008202825083759614
2017-08-28,5.914185122429274,0.1940066992649995,-0.34060757335032577,-0.6389069192808137
2017-08-29,5.9220505789698015,0.1968370998323907,0.680541490615532,1.142562903624705
2017-08-30,5.936679412026097,0.19280876302376165,-0.9703299235004152,-1.729383686113888
2017-08-31,5.938460750381754,0.19105288658357406,-0.43219476725680295,-0.7900988307016481
2017-09-01,5.939139012026205,0.19077071955380048,-0.07019168458630531,-0.16516175104467543
2017-09-04,5.938974838860157,0.1902594865425748,-0.12765599221945223,-0.26604845553696643
2017-09-05,5.9387300902566205,0.19152660422420364,0.3151246852900229,0.5009337571259039
2017-09-06,5.942578955911703,0.18906524434674474,-0.6151424525114706,-1.115684269507063
2017-09-07,5.948034087184141,0.1858885496745596,-0.8046925044356357,-1.4377904288571723
2017-09-08,5.948063501886001,0.18672167909458845,0.21266959795271134,0.3245980012685043
2017-09-11,5.947715106935639,0.18859893945178655,0.4779602405917558,0.785868579906402
2017-09-12,5.945736725559362,0.194193998467092,1.4258522389719985,2.393507930304563
2017-09-13,5.947451302287358,0.19571322431793967,0.39051307310764116,0.6190179960184407
2017-09-14,5.947499961359554,0.1958335614351125,0.03063593851169344,0.002243272416266211
2017-09-15,5.947510461141184,0.1957806211094148,-0.013421134895892806,-0.06900242036066725
2017-09-18,5.949562485603388,0.19270606319671352,-0.7798314563296529,-1.375807470752489
2017-09-19,5.952980820304538,0.19571466979366117,0.7622008042029549,1.270115397329148
2017-09-20,5.958655953040878,0.2011334574527904,1.361977082609343,2.2655111931500547
2017-09-21,5.958666302216111,0.2010288184051921,-0.026497502780188142,-0.10005658466407046
2017-09-22,5.960267629412676,0.20130157272118532,0.06729339801775325,0.05826916031949812
2017-09-25,5.956185009543041,0.19820131774634095,-0.7410909307665747,-1.313835333197878
2017-09-26,5.956174713232877,0.19820584010392042,0.0010855973920769202,-0.04950259718455509
2017-09-27,5.956002259681567,0.19743882370488178,-0.18486497513355005,-0.3670003178549228
2017-09-28,5.963360205677122,0.1937731864571097,-0.8869523030907374,-1.5518148459367784
2017-09-29,5.964382264410392,0.19278752037751584,-0.2421826265486544,-0.45948097933798376
2017-10-03,5.963536632487405,0.19453458931324608,0.4303835229207351,0.6779704900821667
2017-10-04,5.963637861073288,0.19387602643268317,-0.1623473101935815,-0.3236317382605228
2017-10-05,5.964312431095085,0.19531569929797268,0.35329642940866535,0.5480991961601339
2017-10-06,5.956815224442136,0.19721794515744664,0.4739326333751279,0.7497419908061305
2017-10-09,5.957695180529871,0.2001304246762183,0.7345499297199254,1.183044379040611
2017-10-10,5.961221219031913,0.19644703447135292,-0.9335522471017867,-1.6183445170479487
2017-10-11,5.960370553189519,0.1955352002020256,-0.23174981638361203,-0.4330139909902751
2017-10-12,6.002565040850446,0.18755066053672287,-2.076395775686912,-3.449357780844599
2017-10-13,5.998870932378268,0.19111225699785947,0.9755059306727816,1.5598156743353129
2017-10-16,6.001701149863541,0.18938995242392317,-0.4779931727888851,-0.8168983176137221
2017-10-17,6.00871728938848,0.18533178192024313,-1.1412300521263248,-1.890126024990848
2017-10-18,6.008633194194266,0.18499774219731763,-0.09475836635004242,-0.1678219891312645
2017-10-19,6.008508303570848,0.1847292821170335,-0.07556849672259602,-0.13549925536098664
2017-10-23,6.0105625547550545,0.18774866130483148,0.8423471159392051,1.369443677284866
2017-10-24,6.014990729244237,0.19194847740884594,1.1634935750005155,1.887709849403155
2017-10-25,6.015954873223532,0.19317967751085582,0.34017205753298185,0.5416539195474359
2017-10-26,6.017417654667693,0.19241799556270436,-0.21150558605844338,-0.36325720496895253
2017-10-27,6.018323107904317,0.19357487312497865,0.3207704538585219,0.5095490481840843
2017-10-30,6.022488761565524,0.18921450494246095,-1.2094582324572087,-1.9738059268427208
2017-10-31,6.021494978565829,0.18867869789133793,-0.14847561268701526,-0.25317707414484947
2017-11-01,6.031413684651915,0.18451786780492646,-1.157715351999478,-1.902370329059747
2017-11-02,6.034240026588748,0.18671537206183444,0.6149155650023488,0.9868255386506841
2017-11-03,6.0358052620063285,0.1888755320801912,0.5984186939603475,0.957769132602054
2017-11-06,6.03957845011003,0.185851948792648,-0.8406282729221601,-1.3768055475181484
2017-11-07,6.039331283138674,0.1857224298961363,-0.035808936101716426,-0.07248220733846962
2017-11-08,6.042948387336308,0.18819664195794594,0.6717378749282901,1.0768515939886396
2017-11-09,6.043029157346529,0.19112484768591928,0.7906481567006196,1.2675112572031053
2017-11-10,6.04318217560676,0.19051544797706815,-0.164858474854654,-0.30792591499494415
2017-11-13,6.041973690159017,0.18939571213195078,-0.30035724349001214,-0.5316297406248279
2017-11-14,6.041890716586785,0.18765119313986098,-0.46480376609805063,-0.7982783175363803
2017-11-15,6.054873772527449,0.19148579138560998,1.0028735610323452,1.6130634820956824
2017-11-16,6.05420819989713,0.19230855672206495,0.21428460526201576,0.31506327671776774
2017-11-17,6.051875419880579,0.1938169397357514,0.3957343493014278,0.6095816258405399
2017-11-20,6.05333252230583,0.19239007278254436,-0.3776653378359498,-0.6785877981451053
2017-11-21,6.053166241472358,0.19495093935839533,0.6790073277973931,1.0810402853475274
2017-11-22,6.056724359306585,0.1976284810993704,0.7053245964032016,1.1164588456180395
2017-11-23,6.059208318429133,0.20008918854891314,0.6420684265968006,1.0049907886431824
2017-11-24,6.061427774482038,0.2016458317069724,0.4017633549685087,0.5981152710644895
2017-11-27,6.0612878307180695,0.2014846709211168,-0.041117763357831905,-0.14286203293068997
2017-11-28,6.061406817068547,0.20111268885756972,-0.09444512671337435,-0.2354246786849503
2017-11-29,6.067901182907552,0.20558798499137754,1.126526329083248,1.8017966825330434
2017-11-30,6.069776272918875,0.20627050972032654,0.17011647279762343,0.2047474284008399
2017-12-01,6.069740081541122,0.2062552884125258,-0.0037042309559467412,-0.0813119095118112
2017-12-04,6.071673294041007,0.20504034315441008,-0.29390904403206264,-0.5620224214352778
2017-12-05,6.073013519756919,0.20075035607089486,-1.0432107455577295,-1.796561577503962
2017-12-06,6.084874673472741,0.20416839665226916,0.8264332475271345,1.3058809978365473
2017-12-07,6.079775199593996,0.20680856643758105,0.6356899779520262,0.9820966354346103
2017-12-08,6.078290877142905,0.20806548353468868,0.3063485864460347,0.4358365086195114
2017-12-11,6.079432642276845,0.21000243402296132,0.47178704535234317,0.7040684341544615
2017-12-12,6.0791277018432375,0.20720114549681667,-0.6794722938372431,-1.1933144368632629
2017-12-13,6.078825765554324,0.20700310460064472,-0.04775777787573077,-0.1492764677382199
2017-12-14,6.0788599275990585,0.2069560699860797,-0.01126761215256522,-0.0920913744165629
2017-12-15,6.0850510169232885,0.20463579695422712,-0.5623846390585641,-0.9998558781320865
2017-12-18,6.092092070846334,0.2021858759093065,-0.6082908837737051,-1.070068566601065
2017-12-19,6.095930454782119,0.20018984304377738,-0.5060153250460004,-0.8953566923688054
2017-12-20,6.104360196128953,0.19488899462022033,-1.3639151160555159,-2.2799014956535473
2017-12-21,6.104952110153307,0.19456703288872682,-0.08510367779382477,-0.1855549224802947
2017-12-22,6.111789365965305,0.19043708493796163,-1.1053666099826742,-1.8386828208040231
2017-12-26,6.111002291554517,0.19262142291719664,0.5926069500968509,0.9176473677733691
2017-12-27,6.113520816429699,0.19523159233598317,0.7044019206219048,1.0934026769420375
2017-12-28,6.121656070272358,0.19254707796900455,-0.7358884196424924,-1.2317453623205312
2017-12-29,6.121619645852739,0.19244868083484246,-0.02720224425048201,-0.08365373178741226
2018-01-01,6.120601837178972,0.19119206593780522,-0.34423206716004273,-0.591916575567172
2018-01-02,6.120324355308331,0.19261141696692405,0.3874709448490208,0.5887062741444387
2018-01-03,6.122406080021381,0.19120775922612332,-0.38641970002885984,-0.6581627866919815
2018-01-04,6.117155837284472,0.19594345779953454,1.3176924656173696,2.0666342311958674
2018-01-05,6.122639164226681,0.20129432650139414,1.4978347140448633,2.327034793784457
2018-01-08,6.122632947786219,0.20125089625256903,-0.012239301711360895,-0.06921495216048791
2018-01-09,6.128908326315955,0.205418803975675,1.158662012077997,1.7708176468022163
2018-01-10,6.131237085866676,0.207758404993647,0.647147287817063,0.9633936989463676
2018-01-11,6.131406802955579,0.20815786884584553,0.10972614756801136,0.11748490294287199
2018-01-12,6.1317218217389735,0.207198515252815,-0.26272249799762903,-0.46451267792729944
2018-01-15,6.135363204259847,0.21240776136830036,1.4185003196685884,2.1591983280367923
2018-01-16,6.135181170071117,0.2123246016099214,-0.022570511020049366,-0.09848616638361031
2018-01-17,6.134778686209641,0.21301811427950706,0.18653130504110038,0.22559526093450968
2018-01-18,6.135962187868433,0.21339390083905077,0.09936631592198353,0.09243464447158248
2018-01-19,6.139381178686369,0.2106231176574544,-0.7266589761225788,-1.1960560610844977
2018-01-22,6.141104131976312,0.2124012050114687,0.46631907264305283,0.676050412342737
2018-01-23,6.139109367955041,0.2129971962239643,0.15835230161304992,0.19169188624121672
2018-01-24,6.138531320612099,0.21270462285908817,-0.07757807588470911,-0.17797201616410227
2018-01-25,6.138615659119104,0.2145488066689118,0.48399623169417794,0.6992752092579743
2018-01-29,6.1392090680846865,0.21903066988526904,1.1737454171488508,1.7685532882947792
2018-01-30,6.1432693740212665,0.2211908615048622,0.5641800396640377,0.8045175291657611
2018-01-31,6.153446700995685,0.20870546376171448,-3.2472203664063386,-4.91926229919016
2018-02-01,6.153735566782079,0.20545840604041074,-0.9100704962850941,-1.4118970980107692
2018-02-02,6.145639933123126,0.201874479152764,-0.9865970912755913,-1.5202949925308218
2018-02-05,6.145526464097523,0.20179789994710498,-0.020798131287037336,-0.0829731185129202
2018-02-06,6.1472539785456,0.20349800886644454,0.4545503645345761,0.6185002698193265
2018-02-07,6.148060654425751,0.20174026822596428,-0.46715793064086597,-0.7460579490462735
2018-02-08,6.148865738314779,0.20502742638813135,0.8706608784566043,1.240654050929477
2018-02-09,6.152842193502989,0.21089542174307405,1.5486241009215291,2.2200537792226585
2018-02-12,6.1545290873534615,0.2201887819960122,2.47269231280643,3.487895028805114
2018-02-14,6.154520771749301,0.2198861453585449,-0.08332335762484178,-0.19326410070995725
2018-02-15,6.178915044042345,0.2114000026271578,-2.3329772691153323,-3.3452585085549758
2018-02-16,6.177497091203141,0.20989648872075042,-0.4282463527913194,-0.6558278984319456
2018-02-19,6.175166891221807,0.19799074774419215,-3.3397164392677468,-4.547105623211803
2018-02-20,6.175943085791607,0.19604968538752154,-0.5793480757644929,-0.8133609413295814
2018-02-21,6.18124252206692,0.19797959167403828,0.5622624904864466,0.7233010642191308
2018-02-22,6.181196269884842,0.19792384040067343,-0.01592437323050433,-0.0567911777307644
2018-02-23,6.166487115125039,0.2048816558767697,1.9779606186261987,2.596227306818776
2018-02-26,6.165888277994533,0.20704494539137058,0.6301374602021781,0.8081056733260419
2018-02-27,6.165512199112635,0.2064195144668233,-0.1802294977547234,-0.2764322654734019
2018-02-28,6.1657503134559635,0.2055001262141314,-0.26235318877441216,-0.3855763425707827
2018-03-01,6.172092179660877,0.20948850185670245,1.1253965743792804,1.4657363743558156
2018-03-05,6.186998792598538,0.21271338652193117,0.8952123074618825,1.1491594671407335
2018-03-06,6.198082835833163,0.21731612004623505,1.243936733747418,1.5987629059508726
2018-03-07,6.196388627631153,0.2156994406866109,-0.43281626219407343,-0.6249773954475771
2018-03-08,6.193991861357324,0.21313416558198875,-0.6768369032780512,-0.9469511126290993
2018-03-09,6.184606852298569,0.2055884106558741,-1.968991436253944,-2.6451948038962363
2018-03-12,6.1902412050707305,0.2035643138603843,-0.5387902680365997,-0.7563626490982843
2018-03-13,6.190347123903767,0.2060443019824123,0.660418228490478,0.8231845337853805
2018-03-14,6.19085704824036,0.20360458034122442,-0.6461054720081236,-0.896283789410228
2018-03-15,6.189578608898622,0.20177615130995494,-0.48126481051143344,-0.6766690144670372
2018-03-16,6.187269307835002,0.2002170029091143,-0.4052981951832635,-0.5736577051292963
2018-03-19,6.177128745237611,0.1972945809701234,-0.7456648436288091,-1.0155354262914509
2018-03-20,6.175294831423482,0.20046332765631833,0.7947940978166557,1.0020479994486162
2018-03-21,6.174327444427189,0.19956080791827707,-0.22584056630429927,-0.33217488526242994
2018-03-22,6.175974513769664,0.19734989373262,-0.5470762131810787,-0.7470235199337486
2018-03-23,6.19150565635541,0.20041595700485737,0.7523163336487642,0.9484879440837631
2018-03-26,6.188910510563285,0.20250376840157808,0.5003908288340924,0.6141073443014804
2018-03-27,6.200887611180576,0.19934724146179256,-0.7624110642798954,-1.03132453727926
2018-03-28,6.196481722958814,0.19568117657680117,-0.8955894499681847,-1.1954381427009886
2018-04-02,6.204469789780596,0.20018500829396163,1.0902653588832507,1.3800514333634117
2018-04-03,6.211482172508493,0.20384398899988015,0.87868501192915,1.097037730041535
2018-04-04,6.211378787921551,0.2038184180295373,-0.006053280794525051,-0.04882809046064792
2018-04-05,6.2352569288073525,0.19959588722728464,-0.9835636807970474,-1.3066183108093754
2018-04-06,6.233797527851837,0.20135339725938278,0.4211259170643302,0.5041524095426563
2018-04-09,6.253930670419186,0.19544736106852306,-1.422568481699372,-1.8589696495216432
2018-04-10,6.26286068769117,0.19328059753435045,-0.5409408326715237,-0.7226020848914011
2018-04-11,6.2660237866924176,0.19189063031055464,-0.353093061497475,-0.48051350191809694
2018-04-12,6.265314206449219,0.1898028387855282,-0.5314873200993517,-0.7029503572479938
2018-04-13,6.276005777214074,0.18448762091844345,-1.3558861414979617,-1.750530482864469
2018-04-16,6.278246769108234,0.1819751020474506,-0.6531176636618383,-0.8467416028168014
2018-04-17,6.278146835511515,0.18305882150247105,0.28154530661071675,0.3437487562291613
2018-04-18,6.278693390973109,0.1826391556754417,-0.10903190796636864,-0.15770001167433803
2018-04-19,6.339769066219044,0.1745584548961232,-2.181080104119424,-2.7584966458450544
2018-04-20,6.339408016699664,0.17090004353005414,-1.0391809148710678,-1.3059819212290362
2018-04-23,6.346918453826165,0.17431094828704224,0.9568103297827832,1.1978751385275173
2018-04-24,6.415589711773014,0.1835763030420838,2.512226595282229,3.086815263396688
2018-04-25,6.418480473845859,0.18456546948141941,0.26920079684831677,0.30942850667278743
2018-04-26,6.41935019034582,0.1810454859589973,-0.9356112423326906,-1.1775509671204754
2018-04-27,6.418423541693931,0.1833517442803996,0.61372831258101,0.7310622395192332
2018-04-30,6.417935599766242,0.18483114380604077,0.3926227585052686,0.4565269588541024
2018-05-02,6.415090690149037,0.18388411490105086,-0.24802792955384234,-0.33796937924102316
2018-05-03,6.414274189301957,0.18477177340932505,0.22890399363885194,0.24927363007560585
2018-05-04,6.414343145497641,0.18357524980647116,-0.3078198926475366,-0.41550923962377784
2018-05-07,6.413519715133718,0.18390115875803376,0.08411202303700804,0.06691703988817681
2018-05-08,6.413895013242501,0.18334287751269976,-0.14492955612691105,-0.21561137476689207
2018-05-09,6.414204589313688,0.18575205557243024,0.6231175098340671,0.7368446234003801
2018-05-10,6.4197028887806935,0.18112014994132694,-1.1996654732475562,-1.5081471028263853
2018-05-11,6.41799388786028,0.1836653970991463,0.6670867179702284,0.7919038758871444
2018-05-14,6.418239630133109,0.1853330601602328,0.4363787680341815,0.5043037568681629
2018-05-15,6.415756645229426,0.18912499600788737,0.9899876191027914,1.1792369123509658
2018-05-16,6.418578220155355,0.1909743441639935,0.4820607777218058,0.5500208829398887
2018-05-17,6.423028825520669,0.19251156222118002,0.3927128576925156,0.4380247953795252
2018-05-18,6.418301801742026,0.18777729366966975,-1.187007644029542,-1.4901045168205542
2018-05-21,6.413966208562035,0.18489609448648178,-0.720545303345439,-0.9125814799626047
2018-05-22,6.426993860748272,0.17976503253131504,-1.2836118385199313,-1.6038852707994904
2018-05-23,6.411215155471878,0.1708609938447532,-2.252897953743293,-2.750424556403997
2018-05-24,6.412964771089208,0.16966151738099142,-0.31261174109578604,-0.3776488785751359
2018-05-25,6.417502956370037,0.16862974124515617,-0.27196516916320945,-0.32667309556247176
2018-05-28,6.421373714991957,0.17335571232237873,1.254586326580032,1.5256237892238815
2018-05-29,6.421432960858189,0.17306673309701462,-0.07693919114245062,-0.09224511391125628
2018-05-30,6.427198078823823,0.176553390784266,0.9167680922862047,1.1080126553331147
2018-05-31,6.431257335056718,0.17884640830484422,0.595883712758102,0.7193182311019677
2018-06-01,6.441469078255808,0.1716787324722762,-1.8523490317716806,-2.230151465677967
2018-06-04,6.4430206709764875,0.1705368668960034,-0.30381762939062185,-0.3637509311458392
2018-06-05,6.44253462870649,0.171899295236009,0.36158921613031936,0.43493308111531326
2018-06-06,6.445224904503259,0.17068948141885218,-0.3227622238610408,-0.387354346473932
2018-06-07,6.442348619480667,0.17693411979319798,1.6739965292080257,1.990666812437318
2018-06-08,6.452427621299578,0.18122521188971705,1.1582441802453118,1.363726646376016
2018-06-11,6.4552298822560585,0.1766521197750771,-1.228057109900213,-1.4628633867665959
2018-06-12,6.454243907032437,0.17596158014040875,-0.18552040963587757,-0.2277736838653736
2018-06-13,6.463303320415185,0.1694036701081732,-1.749280769543894,-2.0539505268037694
2018-06-14,6.4633160396674745,0.1692668120309821,-0.03726367344988546,-0.041292177757981004
2018-06-15,6.472486482777793,0.1725943223836518,0.8895340234655578,1.0436373509935983
2018-06-18,6.478994893795199,0.17479323236350547,0.5762826488259876,0.6730151368410284
2018-06-19,6.485828113071956,0.17740556581338499,0.6689684680548069,0.7761799126006823
2018-06-20,6.486470088825677,0.18017041085076113,0.6980571601039927,0.8090668397775901
2018-06-21,6.488727908432867,0.18148364822603935,0.32882873601930385,0.37624056250916943
2018-06-22,6.48941224389257,0.18322799417936989,0.43067810147380214,0.49538371668637005
2018-06-25,6.492344899126003,0.18497682363825305,0.42727278862135165,0.48939391622813655
2018-06-26,6.502978282646787,0.17892759436638075,-1.4675671573366174,-1.7091361877649638
2018-06-27,6.504246072830339,0.17954633142975318,0.1523014348273719,0.17881705317049218
2018-06-28,6.504658311810849,0.17916873233196307,-0.09161885298887285,-0.10517160220224542
2018-06-29,6.50579997717235,0.17888978274682957,-0.06846380133131902,-0.07590246407387008
2018-07-02,6.512564017653574,0.18148699028115597,0.6392900832473671,0.7475431005790285
2018-07-03,6.512439404384241,0.1816251195542829,0.03366054946977215,0.04512241134463103
2018-07-04,6.514837682393488,0.1847517307640923,0.7585058284111454,0.8935418430627069
2018-07-05,6.51574255375644,0.18524887194235537,0.11957594207060396,0.14375918930379944
2018-07-06,6.515745735386435,0.18526896627113731,0.004767211733138765,0.006725567191244958
2018-07-09,6.516069288303605,0.18480810179758161,-0.10892318069977591,-0.12554760122834296
2018-07-10,6.518317982348808,0.18408553080240478,-0.17226011953865594,-0.1957207384561845
2018-07-11,6.52356627192544,0.18561712186570298,0.3642657629291932,0.43276023783979084
2018-07-12,6.523782550294989,0.18598304595213055,0.08535598002934108,0.10690087980359463
2018-07-13,6.525712331115069,0.18840721383244344,0.5601818315678742,0.6574886976564043
2018-07-16,6.498443636924396,0.17901380317570093,-2.143866903000365,-2.478359541162042
2018-07-17,6.501308381702391,0.17798756449475717,-0.24217106936636412,-0.27203257234324496
2018-07-18,6.4866280502306175,0.1731709226924018,-1.130370005876486,-1.298007985202486
2018-07-19,6.553863717383238,0.18110108197685015,1.8282937250180566,2.1005805133712836
2018-07-20,6.563834831068279,0.18542063102655865,0.9815854808142461,1.123939762575125
2018-07-23,6.5644626272079165,0.19078145573873106,1.2022371908465175,1.3650670841873167
2018-07-24,6.589630476799283,0.18633972667796062,-1.009627152544482,-1.1573407084843115
2018-07-25,6.587609494005614,0.18760379256031653,0.2957551433390577,0.3277805841037973
2018-07-26,6.589190520071472,0.18927074314272116,0.38914192856955054,0.4308840387213658
2018-07-27,6.588047316054888,0.18964123258228116,0.0862097758722058,0.08203191670600708
2018-07-30,6.589585430305059,0.1923250709349015,0.6281252289130705,0.7015605030538533
2018-07-31,6.587504041031939,0.19454639269022633,0.5182884206078526,0.5723181401210276
2018-08-01,6.592694750060047,0.19658981606463077,0.47443752753174095,0.5206457710506721
2018-08-02,6.592627652734647,0.196423545645442,-0.037985234933202605,-0.0616570702303107
2018-08-03,6.59787253461355,0.19342514315720566,-0.6823262885919803,-0.7970276424338139
2018-08-06,6.608154646108898,0.18904361326285923,-1.0095423355610222,-1.1674952392378586
2018-08-07,6.601343681629063,0.19324592082753828,0.9856706690350521,1.102494959636465
2018-08-08,6.600639273347315,0.19401209105248649,0.18180000780093764,0.18971206667838592
2018-08-09,6.607666206212736,0.19172212403231742,-0.5476041211012443,-0.6347061538977589
2018-08-10,6.608010237309194,0.1919178332656158,0.047008478279842336,0.04565672859600164
2018-08-13,6.606726181490512,0.1900188692947432,-0.4495307873553003,-0.5316065713506831
2018-08-14,6.607313308672444,0.19349256543512677,0.8171223462801933,0.9226566393279021
2018-08-16,6.6088072805304865,0.19407696456742732,0.13657878700986714,0.1520752513290372
2018-08-17,6.606496722156535,0.19573487460162536,0.38283328171586106,0.441887334825486
2018-08-20,6.602044896092093,0.1971157815384478,0.32322423370739983,0.37002481318148095
2018-08-21,6.603170976506586,0.19147880604094739,-1.3331024369875806,-1.5498707325425878
2018-08-23,6.603064845355805,0.19143534047447602,-0.010331325561708127,-0.012178087899001702
2018-08-24,6.602942276710705,0.1919960543874897,0.13120491355515895,0.15479445863108207
2018-08-27,6.618147934309013,0.18770678316257272,-1.0133220375220091,-1.1747430840217827
2018-08-28,6.632414895422236,0.18402147255315957,-0.9015007250839631,-1.0365384772124755
2018-08-29,6.633690647962502,0.18647909862450385,0.6099809855479563,0.7153691921843428
2018-08-30,6.630496677086221,0.18894097342055075,0.6121227132511038,0.7129561714953067
2018-08-31,6.6299267669687785,0.18823547978876362,-0.17545768799995898,-0.19640286340348384
2018-09-03,6.6304434637176195,0.18720859228369374,-0.2541221171988042,-0.2916892402736989
2018-09-04,6.6312344052958005,0.18766746482344965,0.11259145739953169,0.13249817878536238
2018-09-05,6.636725121472556,0.18462916217337605,-0.7436224475377671,-0.8597247230975252
2018-09-06,6.645371881622596,0.18961780047781676,1.221924431672818,1.4128913099879041
2018-09-07,6.641513460584276,0.19104578203562728,0.3545164872127273,0.40852841744456964
2018-09-10,6.649979049394671,0.1943687982692661,0.8215221855171748,0.9418065292452105
2018-09-11,6.642466081011346,0.19052201891756082,-0.9362227200708801,-1.0900878245850167
2018-09-12,6.646541363467375,0.18910965255450185,-0.34628533586911914,-0.4054802226472839
2018-09-14,6.654291586676131,0.18664178631074352,-0.6187129069324726,-0.7150001458575781
2018-09-17,6.658526274386762,0.18979920708509596,0.7953930720364255,0.924976420693488
2018-09-18,6.671736210070291,0.19411411233341075,1.0691523948261477,1.2360173887596781
2018-09-19,6.671012699114845,0.19616597921362333,0.5058044329669542,0.5819307587417516
2018-09-21,6.675009345349158,0.19407078473268122,-0.5201215708313356,-0.600995343395864
2018-09-24,6.674798159378464,0.18854750465049558,-1.3782321867920757,-1.5838528762713004
2018-09-25,6.680691009072333,0.18370338962810404,-1.2287137367233782,-1.3993353247513516
2018-09-26,6.683106865215162,0.1824499416399697,-0.3242316439906361,-0.3547935249566747
2018-09-27,6.687735805582225,0.18590757958760354,0.8910772911002312,1.040798098404866
2018-09-28,6.690865455519955,0.18642812069431577,0.13075873265562166,0.16525445087911395
2018-10-01,6.730945798794453,0.1776727156223155,-2.1824943947353788,-2.46401664006729
2018-10-03,6.768458495649745,0.16895624011403754,-2.327253825028805,-2.583151365413519
2018-10-04,6.768641803889792,0.16993058482083936,0.27135175493701524,0.3339227568352463
2018-10-05,6.777547176521073,0.1722083785115552,0.6179058288067836,0.7170621491113214
2018-10-08,6.854543086963842,0.18163180098655796,2.4529288712197115,2.7267083656021756
2018-10-09,6.856603319771701,0.18590484687075662,1.1201232711578868,1.2444190365392818
2018-10-10,6.854214540074298,0.1883807533144855,0.6462710002856014,0.7168047955969699
2018-10-11,6.848495811581709,0.18702737537599012,-0.3493677671401656,-0.3787550794692975
2018-10-12,6.850322223428996,0.18648641265092952,-0.13752293922858883,-0.14238831017032294
2018-10-15,6.864464823661546,0.1808573251977694,-1.4520099207463772,-1.5782705347075472
2018-10-16,6.864527912741903,0.181671383082318,0.21380126190211968,0.24960422004415245
2018-10-17,6.86034720597532,0.17795299233236656,-0.9643738127675974,-1.0435157823261048
2018-10-19,6.860345693342824,0.17794986274064917,-0.0008071010018468883,0.007268306757289976
2018-10-22,6.858669702052723,0.17667222011631672,-0.32514198306196107,-0.3481818615959996
2018-10-23,6.865290126534929,0.17977692619261834,0.7771016071797874,0.8729839660881626
2018-10-24,6.885177159030516,0.1746327633624485,-1.2898648931086996,-1.4248188057615074
2018-10-25,6.892390633159659,0.17744421466295462,0.7151358440621749,0.7994038275676316
2018-10-26,6.895060038092489,0.1805322788232978,0.7722337245841189,0.857805413901796
2018-10-29,6.888878003223559,0.18626598595645213,1.4300723625367766,1.5793426089346452
2018-10-30,6.888980393336829,0.1842994721455919,-0.4972460227364621,-0.5445247318469904
2018-10-31,6.887005282107006,0.18296730739347458,-0.33325737964649704,-0.35987688704797877
2018-11-01,6.91528802294236,0.17610507488361057,-1.719525150700271,-1.8761276594038288
2018-11-02,6.920673261794837,0.17476229379917113,-0.35255924124410853,-0.36908428658722164
2018-11-05,6.921092503633688,0.17442841277384769,-0.08866567650694179,-0.0838982880261178
2018-11-06,6.9212792070328355,0.1737029733817024,-0.19252182681766783,-0.19836762902603128
2018-11-07,6.921064513961571,0.17409167440284706,0.10292633129807882,0.12269559617282012
2018-11-09,6.922696208225512,0.1749546334690878,0.2259727743728206,0.2609027596816492
2018-11-12,6.9624350425192345,0.18472621904775108,2.4920460770383457,2.725591436368506
2018-11-13,6.961745893169876,0.18636581370576522,0.43018753979399804,0.46727375973274293
2018-11-14,6.96296349200162,0.18800608627524384,0.42498905662557007,0.45939202985437205
2018-11-15,6.966651076038231,0.1854895487626974,-0.6498294266234339,-0.7105433842599717
2018-11-16,6.963348291976523,0.18279579580864896,-0.6943642384556625,-0.7530858270366482
2018-11-19,6.964600706930274,0.18199464435530965,-0.20605869577232028,-0.21856897759225616
2018-11-20,6.9759962233250326,0.1842810323382897,0.5793063982598881,0.6365853248115584
2018-11-21,6.975120790224357,0.17983490039645345,-1.1000136220831536,-1.1942764882620176
2018-11-22,6.9728644646895885,0.17883033525804767,-0.24782451263200755,-0.25972818693177874
2018-11-26,6.972780991860559,0.17517197624420686,-0.8878964338125144,-0.9532357876120553
2018-11-27,6.974719176118739,0.17107897938168254,-0.9951537482599377,-1.0623178951159273
2018-11-28,6.978989658244296,0.17364833564810447,0.6242313879956498,0.6973700433166931
2018-11-29,6.986237949698131,0.17149163007244084,-0.523614869101003,-0.5475924753058273
2018-11-30,6.989430007376981,0.16873456526361827,-0.678338776457565,-0.7103505559492196
2018-12-03,6.995051646917494,0.16678535969930472,-0.4857685339355484,-0.49590571776032016
2018-12-04,6.995233328579962,0.16639661698320946,-0.0977425668154197,-0.07068836017852982
2018-12-05,6.999702957807574,0.16727432636132866,0.2163332562781477,0.27076149192698395
2018-12-06,6.9993718500882265,0.16712193352547047,-0.03638810796127956,-0.005125991304260634
2018-12-07,6.99950557925272,0.16618178785642282,-0.22142471473319603,-0.20173657210384274
2018-12-10,6.998809340184621,0.1644309171969687,-0.4102134280401373,-0.40567710727456024
2018-12-11,6.998953824736946,0.1646084775547136,0.04128853104033681,0.08799880337584133
2018-12-12,6.991368720160009,0.16808099434940169,0.80644054756754,0.9187564127507154
2018-12-13,6.9909612642900365,0.1663209470496986,-0.41272011520001683,-0.41635071953845365
2018-12-14,6.990997310059176,0.1666961012332372,0.08753751299399681,0.13458853760289596
2018-12-17,6.990791845359983,0.16678488926366353,0.020787947209143454,0.06415311006217898
2018-12-18,6.990644422695201,0.16796991963664645,0.2790370231939363,0.3477176130346461
2018-12-19,6.991517298138277,0.16692134554234395,-0.24698842240600527,-0.22661266844963893
2018-12-20,6.99248823688342,0.16762713818871822,0.16540893649909094,0.2227689212712808
2018-12-21,6.992406260643409,0.1665078594112094,-0.25983087812289796,-0.24365986034088236
2018-12-24,6.997756850192295,0.16835978114131123,0.4243143829258642,0.5060395170137343
2018-12-26,6.997813573849138,0.16788799285220304,-0.10661462661686016,-0.07917793652145183
2018-12-27,7.001530758892211,0.16392027853029062,-0.8968581417215944,-0.9455599896587968
2018-12-28,7.001530451784864,0.16392049950667145,5.0624327400328184e-05,0.037095428471250566
2018-12-31,7.000127475912425,0.164997847054036,0.24851049853224794,0.3042756861292137
2019-01-01,7.000943942075114,0.16554979054933444,0.12695177993545315,0.16924273794196693
2019-01-02,6.991776658055299,0.16330897390295024,-0.5037938578260963,-0.5303641168553522
2019-01-03,6.988757232783653,0.1623170669055057,-0.2169963999849287,-0.20990511395155617
2019-01-04,6.988027856812426,0.16344954724932226,0.24412059556522792,0.30269915925574303
2019-01-07,6.98916873321994,0.1644154499825344,0.20755841244809403,0.25833124516323136
2019-01-08,6.993677815028371,0.16824761988207435,0.8141272679511786,0.9257209550864409
2019-01-09,6.9917099075351095,0.16442417660693417,-0.8102326220357483,-0.8694556636388837
2019-01-10,6.993108790861092,0.16587198115236848,0.30642249198211147,0.3656398974210636
2019-01-11,6.996476961861173,0.16218581913496552,-0.7762691857748081,-0.8290819905626601
2019-01-14,6.996870379519131,0.16041306130864036,-0.37637846356331295,-0.38147156713522107
2019-01-15,6.997128796065438,0.160204877841505,-0.04429650591961121,-0.006350916527020195
2019-01-16,6.997133184278914,0.16006999244791464,-0.02876868228580065,0.011046990927316279
2019-01-17,6.99864796020801,0.16124933017995852,0.24988304080090273,0.32706812111379524
2019-01-18,7.002708986663712,0.15831885552554956,-0.6182905713191147,-0.6394577739570128
2019-01-21,7.003255523213862,0.15935812668643493,0.22062804969115035,0.2995233553442856
2019-01-22,6.996710749543566,0.1564927033833731,-0.6015372962104664,-0.6192070095502263
2019-01-23,6.9952843571564385,0.15810448562276275,0.33595307760909066,0.436888480102663
2019-01-24,6.995100266344321,0.15698890772908639,-0.2329340818662189,-0.20198048287424586
2019-01-25,6.994163277107892,0.15426370155739902,-0.5667101863236184,-0.5736906672461561
2019-01-28,6.994552253217668,0.15441573138414605,0.03139767888981737,0.09890641255308344
2019-01-29,6.994369882037644,0.15398699715186812,-0.08709902434929262,-0.03718765728767638
2019-01-30,6.977530324338305,0.1589391912540291,1.0108738672716697,1.193390575318916
2019-01-31,6.9744140893663795,0.1608551249411455,0.403012643685301,0.5095193271645432
2019-02-01,6.9787822080006325,0.15811211462087546,-0.5831984173454288,-0.5947823468046926
2019-02-04,6.99966047108006,0.16358646882496428,1.1614043066082829,1.3550352038640336
2019-02-05,6.999913935236055,0.15913465275441577,-0.9394284521543455,-0.9868250711101497
2019-02-06,6.990540265711512,0.1618809316279951,0.5885982291686815,0.7249655445127067
2019-02-07,6.993374980247947,0.16513890342160006,0.7069686831144466,0.8610109807252416
2019-02-08,6.984226982103565,0.1600976261559776,-1.0861730340775964,-1.19621510530749
2019-02-11,7.0170595758923575,0.1688617352446234,1.8747703238171667,2.1721899945999215
2019-02-12,7.021055785378815,0.17300643817479133,0.900042132390638,1.0553660807843632
2019-02-14,7.035740184429865,0.176749155493497,0.804342140482639,0.9439044579816682
2019-02-15,7.031300774070975,0.1755254915589264,-0.25738452996242955,-0.26241571015209364
2019-02-18,7.03257415666587,0.176249454669433,0.14847063806475802,0.20213871607231715
2019-02-19,7.031965513369297,0.1768683443732191,0.125217805820256,0.18327998340574334
2019-02-20,7.0209963142458305,0.17971869025189452,0.5797024660866157,0.7236558215131138
2019-02-21,7.018261243046422,0.18191626744102402,0.4558036566501542,0.5766458938901793
2019-02-22,7.018399339631887,0.1818090066963478,-0.022362430283621393,0.010217046250612146
2019-02-25,7.01822873808377,0.18285272835582125,0.2178974657083117,0.29065302376763763
2019-02-26,7.01823460466829,0.18237131065492146,-0.1001712370431278,-0.10296072072144
2019-02-27,7.018804537197828,0.1841675572138975,0.3719010178662998,0.4674376349014762
2019-02-28,7.0184597604004955,0.18187257968844192,-0.47300655980666306,-0.5569706733490535
2019-03-01,7.017977033358956,0.1841628395795106,0.4710616128899261,0.5906782711502532
2019-03-05,7.012644848850378,0.18776996040694452,0.7436548539996011,0.9380543994049442
2019-03-06,7.020620812713491,0.18430655145999422,-0.7245102201592388,-0.8612011707532913
2019-03-07,7.022200096496572,0.18591361843761797,0.33955955782945324,0.444799699052885
2019-03-08,7.019877923381648,0.18513763064616556,-0.16173417564288428,-0.17204488302282808
2019-03-11,7.019054279911725,0.18543369266007909,0.06097917984921253,0.10742943891022858
2019-03-12,7.019360045769169,0.18522995024253183,-0.04252248537549974,-0.015792740457085598
2019-03-13,7.01763326337762,0.18168624827099059,-0.7412414692549518,-0.8738898544602617
2019-03-14,7.019935369019115,0.18423162571647736,0.5315939737671229,0.7018965453118611
2019-03-15,7.020738140355425,0.18500712301406202,0.16076966462305364,0.2377056787909623
2019-03-18,7.020534469438712,0.18873294940018848,0.7659625228163307,0.9859903693351021
2019-03-19,7.022997077815867,0.1872714417592962,-0.30278988363392045,-0.35676747125757996
2019-03-20,7.048590925779023,0.17765515737289717,-2.0171121576730258,-2.469282773936769
2019-03-22,7.04902794780186,0.17729028146304263,-0.08093467470632021,-0.066974423759145
2019-03-25,7.051753805217584,0.17884752420814531,0.3427037102436259,0.45592994502089923
2019-03-26,7.052640166000472,0.1781980554912437,-0.1418378317767761,-0.1481782105730638
2019-03-27,7.052418386435845,0.17746872989594298,-0.15944767866298548,-0.17325817219049533
2019-03-28,7.053810557592417,0.17795615489024635,0.1052829707324463,0.16043700039080347
2019-04-01,7.051769423975891,0.17827733668334925,0.06959314053757737,0.11441067893606374
2019-04-02,7.054242197902653,0.17584918598547702,-0.5409855711498253,-0.6482751227943249
2019-04-03,7.055185244701084,0.17817342703336297,0.5190927759267794,0.6776438316257027
2019-04-04,7.0625224372877335,0.1808061893484562,0.5814989230528482,0.7550508298689611
2019-04-05,7.055346904969386,0.1840720392455366,0.717428515909944,0.9176348564127946
2019-04-08,7.055616775438602,0.18497356417752647,0.20007739967348925,0.26614575809243374
2019-04-09,7.056378209709329,0.1843707919289756,-0.13370728223199535,-0.14648681586885845
2019-04-10,7.059236633961089,0.18546465233014212,0.24120216711038722,0.32892648671692026
2019-04-11,7.0581059197437535,0.1825942224985778,-0.6231831511600987,-0.7566603864861258
2019-04-12,7.0583291440848575,0.18286497219446626,0.05858424368883419,0.09678574935542719
2019-04-15,7.051150649927462,0.18784930950271547,1.0756769136215851,1.3734455680662105
2019-04-16,7.052828591200707,0.18642084249594815,-0.31429536427079086,-0.38398128915538465
2019-04-18,7.062221188376427,0.18882708789025343,0.5245640034183694,0.6729248021834072
2019-04-22,7.072455552582798,0.19135691217097112,0.5363846967657722,0.6830485072549466
2019-04-23,7.0710583662317,0.18733601395835045,-0.8354517410264748,-1.0502613058297172
2019-04-24,7.071037367138262,0.18746565088844513,0.02701642846486152,0.03311481543101014
2019-04-25,7.0659926054944355,0.18532823846499974,-0.441617198114983,-0.5641900603589198
2019-04-26,7.0432637281556705,0.19494202830578683,1.9723237892996721,2.4686139738746413
2019-04-30,7.040482920344485,0.19594169496369954,0.2172456652774386,0.2607296120618334
2019-05-02,7.040652173379432,0.19636312856967608,0.09185713547535812,0.09320956321982193
2019-05-03,7.041135571688405,0.19336192388002832,-0.6501805415220403,-0.8577919965173846
2019-05-06,7.042862692089727,0.1938753231687316,0.11054599861301284,0.11998344608444203
2019-05-07,7.044541974635292,0.1905007049073757,-0.7126331340982048,-0.937427126182267
2019-05-08,7.04393602067145,0.18749099158934965,-0.6376123218451539,-0.8336564726142881
2019-05-09,7.043844476438654,0.18740371620570972,-0.01842532659588869,-0.029724103348485208
2019-05-10,7.028462232236163,0.1767196483290968,-2.2272959860146244,-2.8643468100408147
2019-05-13,7.0201943546463745,0.17306282580967636,-0.7960746062820121,-1.0103396951981465
2019-05-14,7.020415899403476,0.1708841064000438,-0.466222066439677,-0.5840411452947468
2019-05-15,7.019007701919222,0.1698009128881763,-0.23047893848592338,-0.27818823224700623
2019-05-16,7.020500013472377,0.16905839102216053,-0.1565501074175728,-0.1838149535209022
2019-05-17,7.023538164356074,0.17125233872768456,0.4636283236552998,0.6124826066819231
2019-05-20,7.02212440931434,0.17164009825344415,0.081665185528351,0.11978315235200293
2019-05-21,7.019801265721015,0.16947634896162328,-0.4602592958968259,-0.5724927100342171
2019-05-22,7.021356210553389,0.16786828699795509,-0.33995471227888174,-0.4237804695583659
2019-05-23,7.0260715889427106,0.16921749286351723,0.2838972734316627,0.38553960054299313
2019-05-24,7.0171893871194335,0.17390729489822926,0.9694631233081097,1.2673730479508687
2019-05-27,6.995609560744685,0.18162669501754533,1.6290517217021119,2.104320838099938
2019-05-28,6.997765901081883,0.17938012288359692,-0.49231918335928526,-0.6156724441444456
2019-05-29,6.993518246174807,0.17594214599241165,-0.750245029963331,-0.940015100927598
2019-05-30,6.992475449448375,0.17407755706536024,-0.4042514951950267,-0.5021071841341295
2019-05-31,6.993481219868515,0.1751743258940589,0.23575593689660934,0.31789647524368925
2019-06-03,6.9913252854515795,0.17701260095199414,0.39239262853517687,0.5138919531182462
2019-06-04,6.992414285017939,0.17848782638016653,0.315083402505131,0.40731143483493715
2019-06-06,6.988046847550328,0.1759830609813812,-0.5293234064181362,-0.7044859020129202
2019-06-07,6.987768321593869,0.17476068775201967,-0.25559403858377294,-0.343890412948731
2019-06-10,6.990279565363277,0.1734182239760159,-0.2801791743853528,-0.3701722720362242
2019-06-11,6.98906701778185,0.17472811308470215,0.27529829616403845,0.36365682680446787
2019-06-12,6.9894925249070345,0.1802871189532676,1.168867531279119,1.5428110706417772
2019-06-13,6.989676998514053,0.17926120314459915,-0.21809321854082953,-0.28654514845549495
2019-06-14,6.990230694511567,0.17999511169358184,0.15502904437170173,0.19903138501056827
2019-06-17,6.970013406985491,0.1726442614173683,-1.5330614334217714,-2.0388401338407807
2019-06-18,6.9744742321982915,0.1744526236722472,0.3797597229837564,0.5023713065375582
2019-06-19,6.976633788125871,0.1832569429715319,1.8138060199599906,2.370066511945907
2019-06-20,6.97621457277864,0.1834329519348417,0.037519588931978376,0.04500338293862801
2019-06-21,6.984677834240374,0.17944047826401954,-0.8546018455355835,-1.1304377145613314
2019-06-24,6.987658563411214,0.1741969859835895,-1.1369134060538215,-1.5074186199693427
2019-06-25,6.986640650670305,0.1746414484782002,0.0977085125282997,0.13388411448162443
2019-06-26,6.985660937002171,0.17495202877040644,0.06901062913330946,0.08703792335035578
2019-06-27,6.986936640037933,0.1767034779112366,0.3918424891622294,0.5187756231310611
2019-06-28,6.9880175377375915,0.17387513338282487,-0.6289246030585431,-0.8468062702784974
2019-07-01,6.988739941832551,0.1731138018031093,-0.169782269977361,-0.22485280899267512
2019-07-02,6.988656004574012,0.17337459186329673,0.05815465758397664,0.08580048702871193
2019-07-03,6.988965896873757,0.17443870892969457,0.2363065929216006,0.3293281756931108
2019-07-04,6.989631545020795,0.1751458105958268,0.15580571868753879,0.2214658208941984
2019-07-05,6.988192942197149,0.1748199859450016,-0.07051786526407255,-0.08205228244426725
2019-07-08,6.984548546142715,0.17171026565728711,-0.6548585081752947,-0.8665372952919936
2019-07-09,6.984566004363285,0.171324698536241,-0.0807906658414339,-0.0982767787200051
2019-07-10,6.979172436832249,0.16911376713342263,-0.4591045588460716,-0.6102587858085621
2019-07-11,6.981722158899156,0.16806774389226933,-0.2153440095641841,-0.27749576893977707
2019-07-12,6.979938759080146,0.17206717546733502,0.8305989262144351,1.1393197074882175
2019-07-15,6.9818194254424855,0.1695568474539265,-0.5253114219511872,-0.6968480767903679
2019-07-16,6.983850959859611,0.17350404670716343,0.826575412308685,1.1335973338078738
2019-07-17,6.99171356209671,0.17004734833978177,-0.7285301300335831,-0.9671443093925766
2019-07-18,6.989408145135852,0.16835811448869506,-0.35909566714343555,-0.46336132478136377
2019-07-19,6.989141606896872,0.1682593210023754,-0.020687130366383144,-0.004430287762482403
2019-07-22,6.995320702940256,0.16633336436725915,-0.39950936010291116,-0.5161930270522108
2019-07-23,6.997239854657028,0.16337224679040147,-0.6232936223256829,-0.8159912865035536
2019-07-24,6.99258430756043,0.1619301319948466,-0.30250620680656937,-0.37836197722185655
2019-07-25,6.991415978605096,0.15987093579487816,-0.4234863035563592,-0.5391112417126417
2019-07-26,6.990762597241816,0.16087382758496835,0.20561308244757015,0.3142904383925224
2019-07-29,6.987203610041784,0.15957140648209142,-0.26553338105539837,-0.339490690715974
2019-07-30,6.975536482907249,0.15413389822849705,-1.0866253193220246,-1.4594982044528557
2019-07-31,6.9749324096303615,0.16049048869021323,1.271138268144604,1.757926630240263
2019-08-01,6.982384199104585,0.16197101368041755,0.29929444250640813,0.44109100632926995
2019-08-02,6.976834213881042,0.15932274465597634,-0.5178507867934243,-0.685520839139687
2019-08-05,6.973681695509467,0.15840604190450977,-0.17677214341623682,-0.20484825082910715
2019-08-06,6.982406192254593,0.15538501840486973,-0.570521718619041,-0.759911943913721
2019-08-07,6.967565619425502,0.14977244040529217,-1.074589864825441,-1.453476307155184
2019-08-08,6.996705016611979,0.13933034298463562,-1.9964823499564872,-2.6900303702051938
2019-08-09,6.996673647888563,0.1393198358397958,-0.002134895987904173,0.0573975224601767
2019-08-13,6.994237437539743,0.13347730677760136,-1.1523899654743843,-1.5129128160129324
2019-08-14,6.986320809839186,0.13578253642245608,0.459158887683877,0.7010037281750598
2019-08-16,6.986319282124982,0.13596792425724072,0.037373796612193644,0.12406068555966762
2019-08-19,6.988260966094097,0.13364936717855558,-0.46455870111715214,-0.56351087311395
2019-08-20,6.988522229028043,0.13391001243632977,0.05224655557805846,0.1429494252457404
2019-08-21,6.980287866316535,0.1290089662349113,-0.9704363035857675,-1.2651546575083756
2019-08-22,6.977888262965682,0.12471750646991002,-0.8475030244352197,-1.087768748970351
2019-08-23,6.973182874278516,0.12678575274843842,0.40848641785846596,0.642704490420383
2019-08-26,6.9719789390074585,0.12494317439214626,-0.3663225027263515,-0.4263923924744536
2019-08-27,6.966553838199748,0.128667762487655,0.7354821486598055,1.0866922113020652
2019-08-28,6.96054469793467,0.12499060210577498,-0.7317610582134577,-0.9293276063814531
2019-08-29,6.961706838317474,0.12311981508122966,-0.369380806019997,-0.4259379427040958
2019-08-30,6.959052156284547,0.1240062789935686,0.17531229257174274,0.32425026767549714
2019-09-03,6.952066254391359,0.12204179388059952,-0.39150758800834495,-0.4525233841425356
2019-09-04,6.950127483545373,0.12321906864243874,0.22986138716853688,0.4043735929611152
2019-09-05,6.948357937418493,0.1240971991675278,0.1725439615251183,0.319027115268988
2019-09-06,6.942993169381152,0.1262448007579481,0.42600177698153985,0.6674907391135265
2019-09-09,6.943728297227453,0.12527578933536274,-0.19441431780003526,-0.19026428989461536
2019-09-11,6.936450331615617,0.12819164211773043,0.587586820242123,0.8861227841073486
2019-09-12,6.942685976556411,0.125441221479279,-0.5638118705813113,-0.715381389982074
2019-09-13,6.945023806286746,0.12424943624344062,-0.24798093670570154,-0.2718482369236964
2019-09-16,6.945526985038955,0.12161541503909788,-0.5514764544997846,-0.6886568096157093
2019-09-17,6.938342673277494,0.11627948066714354,-1.1142663912194308,-1.4617173604108336
2019-09-18,6.9387718844605395,0.12113399584312592,1.0175302360187537,1.4838144003900584
2019-09-19,6.934309087757323,0.11729060431532999,-0.8085673582094053,-1.032806439696267
2019-09-20,6.915856533839325,0.12309649879192373,1.2262806668705224,1.7552162577084558
2019-09-23,6.920160218852462,0.12822777499327287,1.110384118321221,1.5983101687602692
2019-09-24,6.919223771073253,0.12749774957181906,-0.1580458683603041,-0.14253607274973437
2019-09-25,6.923954977767835,0.12850755369549127,0.2143979961383664,0.3740141550949775
2019-09-26,6.918155134132209,0.13057099803560676,0.42866224307750755,0.6633886155391094
2019-09-27,6.90979352372163,0.12747798326386656,-0.6465746177581195,-0.8199649683306234
2019-09-30,6.909822788261809,0.12708962041120953,-0.08011770644836957,-0.04099185398130216
2019-10-01,6.907254989563946,0.1243353087527563,-0.5645715525541277,-0.7043501973222662
2019-10-03,6.902515556650318,0.12330297209506978,-0.20938589307691657,-0.20653434978466614
2019-10-04,6.900372124038965,0.12071529754922865,-0.5098886255966093,-0.6192866792650314
2019-10-07,6.900500455960266,0.11675992308886167,-0.7749666503606072,-0.9857079521280374
2019-10-09,6.894941510165943,0.11916724819308736,0.4744178723654926,0.7452306406307404
2019-10-10,6.894280274113318,0.11886131104667867,-0.06069862219035471,-0.009436909546219825
2019-10-11,6.891601622310251,0.1198202721141,0.18799099719474555,0.3372910013591151
2019-10-14,6.8896103565142255,0.12151670546671448,0.33662559483176935,0.5509272717683359
2019-10-15,6.890232738399496,0.12125200804253894,-0.052922627199272654,0.002761920740660065
2019-10-16,6.895119029344641,0.1231460989413601,0.3798882310797964,0.6093165645281517
2019-10-17,6.89414672369087,0.12649875394429166,0.662726353682654,1.0181873780193726
2019-10-18,6.8963577282043405,0.129123177352696,0.5196758093641591,0.8066151496944877
2019-10-22,6.8953520985407835,0.12821735106387183,-0.17814249188911546,-0.20967208691897507
2019-10-23,6.895896560159829,0.12928120317519384,0.20708443812624466,0.3778123735467462
2019-10-24,6.9062045458324794,0.1333945368773666,0.7934324229942646,1.266030672334823
2019-10-25,6.906149446302494,0.1345071812394597,0.21286072891273022,0.392942100304157
2019-10-27,6.905905795721805,0.13557888618320277,0.2043075473781002,0.37673388039115957
2019-10-29,6.892119309155546,0.14525931241771067,1.8453838254868167,2.8021969347388165
2019-10-30,6.8963597934001974,0.14305141871393579,-0.4429002024287456,-0.6154361474201413
2019-10-31,6.8987583396009935,0.13921789498038512,-0.7715952327445308,-1.1005613602746847
2019-11-01,6.8866529484187575,0.142782898301749,0.7257949187492514,1.1335948102640974
2019-11-04,6.88274193982312,0.1442647551102243,0.3086774707785622,0.5059422563319218
2019-11-05,6.884189262268526,0.14190946120777342,-0.49543987614634943,-0.6979660209788472
2019-11-06,6.887206000424423,0.14001298862500652,-0.4009497398774613,-0.5506868922686646
2019-11-07,6.893402808595591,0.13698070349156757,-0.6477324321583922,-0.9301056967193698
2019-11-08,6.892649517199115,0.13553632840835408,-0.31109899120390594,-0.4166487538682024
2019-11-11,6.899761681834724,0.13904477116445307,0.7475505338478143,1.1855072839075531
2019-11-13,6.9137498824342805,0.1423944862275142,0.7028386319164497,1.130520875012969
2019-11-14,6.916918290762686,0.14339087463478362,0.20410038341761805,0.3661949602492393
2019-11-15,6.918220190175673,0.14507578897256745,0.3378402747327769,0.56603786361826
2019-11-18,6.909634061706011,0.14768366986415227,0.5227678375126317,0.844587153093326
2019-11-19,6.90864338815888,0.14535963630356785,-0.4726388527591112,-0.6909288292964425
2019-11-20,6.908277385469479,0.1449884860296608,-0.07506120514369741,-0.07756421553814911
2019-11-21,6.9023822726492945,0.1407437333372383,-0.8486376069265802,-1.2632755400865785
2019-11-22,6.8982729654667,0.14551310963551006,0.9532506010921367,1.496659170578823
2019-11-25,6.886816860587127,0.14778881312139208,0.46501542594428,0.7468752529182099
2019-11-26,6.886439589625772,0.1502276131340625,0.5093507052307089,0.8511574062212517
2019-11-27,6.8952307841794065,0.14636719218387645,-0.810748381208164,-1.218383333892876
2019-11-28,6.892812770108454,0.14955580587427247,0.680367795493737,1.122911074870585
2019-11-29,6.895111517333553,0.15067772333280532,0.2391402203816,0.42527497545921
2019-12-02,6.8956017930966995,0.14767988734419912,-0.6308236763557957,-0.9434167648500493
2019-12-03,6.880975146043397,0.14218186951075806,-1.151669191102826,-1.746326776752928
2019-12-04,6.880842094030644,0.14223486337436053,0.011148629460059567,0.07554810889792928
2019-12-05,6.87842700223356,0.1401131383786169,-0.4478783216548834,-0.6506401820784037
2019-12-06,6.879113489489003,0.14168576481514106,0.32923964805236494,0.5686400956071326
2019-12-09,6.878693272565553,0.14262914614302277,0.19671278581481033,0.35456820316926085
2019-12-10,6.879025457495022,0.14067316793983384,-0.4074151186964272,-0.6051746307156148
2019-12-11,6.883005247954831,0.14355438136251022,0.5975407427470429,0.987862673883823
2019-12-12,6.8771747266813765,0.14589079124600854,0.4846390288252138,0.8025243429750817
2019-12-13,6.87889390260296,0.145418956920112,-0.10001490356803089,-0.12809249209861115
2019-12-16,6.877872055893351,0.143530186823121,-0.4049438292572489,-0.6131765851338705
2019-12-17,6.869354578114473,0.14604419029238963,0.543269035115074,0.8881091064639037
2019-12-18,6.868904900595201,0.14828518594925214,0.49190028522679796,0.8040540159660013
2019-12-19,6.869916742462121,0.14748343952373708,-0.1768325202370633,-0.2549144243992869
2019-12-20,6.871688660829266,0.15335800027489338,1.2977037786191659,2.055105201941332
2019-12-23,6.871882929640035,0.1543794984035496,0.22844832898462641,0.37086929753998393
2019-12-24,6.872048522675094,0.15404539740691164,-0.07448428152239472,-0.10474303626963388
2019-12-26,6.873534279135657,0.1567037322823626,0.5907749645415663,0.9440744339431696
2019-12-27,6.873452189039283,0.15718623255026917,0.10707473759318731,0.179245338453397
2019-12-30,6.873081189171873,0.15750366670832286,0.07058148273398501,0.12184192565920432
2019-12-31,6.8732559341361394,0.15772949451058926,0.05017131643975148,0.08949139663334865
2020-01-01,6.8729250487554685,0.15737712486893168,-0.07752826443489624,-0.10956791348445456
2020-01-02,6.866375406547996,0.1598503077731576,0.5462534959705394,0.8678262952442948
2020-01-03,6.8699770969574825,0.16210735471611087,0.5013950689801092,0.7942026767473367
2020-01-06,6.874428549132333,0.16332264083923648,0.26471956346146186,0.4186618615393615
2020-01-07,6.875116394034171,0.16484859493508006,0.3257599201754715,0.515470752006434
2020-01-08,6.875764587303329,0.16568407996182907,0.17725985224930696,0.28002112453578537
2020-01-09,6.874682489987809,0.1663451535201244,0.14022371617745222,0.21612104110514352
2020-01-10,6.874374342849137,0.1670179285651879,0.14367806407472727,0.22065510186977938
2020-01-13,6.874900765289405,0.17103245187874408,0.8568437507832698,1.3386645331474496
2020-01-14,6.874633299083814,0.17176905133368273,0.15822789639683066,0.2388250663371231
2020-01-15,6.874547010095856,0.17187087323484987,0.021918439753491725,0.021024125103596407
2020-01-16,6.874686042359989,0.17194128002693473,0.015072389017362298,0.008785732909376176
2020-01-17,6.874683199158019,0.17196986725959312,0.006052783318665433,-0.0039444725688457544
2020-01-20,6.875146390224387,0.1722948907785624,0.06836358895841954,0.09519612412429483
2020-01-21,6.870137161575191,0.16816412921057733,-0.8578567687494001,-1.3544836162590974
2020-01-22,6.870651490762528,0.16873717058694876,0.11877320400365932,0.17984606412423154
2020-01-23,6.869994240656627,0.17009821451509471,0.2805742873949484,0.43592706106864176
2020-01-24,6.8696772115763105,0.17081219570490735,0.14752605052976264,0.2203518606215841
2020-01-27,6.858360366498006,0.16798210978031877,-0.578300217312794,-0.9288443741211706
2020-01-28,6.850655944324665,0.1628587658240436,-1.0247627514533235,-1.6216336454262323
2020-01-29,6.849864938711703,0.16371758288190227,0.1727347429379691,0.2648172685018753
2020-01-30,6.8545474324941855,0.16561606981073027,0.3801124726573022,0.5906349739706562
2020-01-31,6.852490727104936,0.16484378872250693,-0.1517683175082425,-0.2507491417922053
2020-02-03,6.878342590497246,0.16986515921753775,0.9633002598584142,1.4982155281700846
2020-02-04,6.874335527175617,0.17078997404432766,0.17589131914547806,0.25625647514495076
2020-02-05,6.856646125093829,0.17486506340964328,0.7983456676786673,1.2302441997441411
2020-02-06,6.860108851962634,0.17809428759628715,0.6481049393201133,0.9871830052793589
2020-02-07,6.870164183950484,0.1726587285997496,-1.092074827343673,-1.7303326518331374
2020-02-10,6.846709301605002,0.16642546309572995,-1.2684817621033275,-1.981906243452117
2020-02-11,6.850128287111141,0.16384361876227962,-0.5250658821729743,-0.8267670855423912
2020-02-12,6.849971508550709,0.16518846653067282,0.274632020918709,0.4164931614707316
2020-02-13,6.853475091037647,0.16131023431951422,-0.791252141092329,-1.2293286847988885
2020-02-14,6.852124208297188,0.15918553254319914,-0.4363163589835608,-0.6805376582830894
2020-02-17,6.860190069231452,0.16276021538559837,0.7269579453351938,1.1310719226744737
2020-02-18,6.870436199099561,0.16540686461669785,0.5305943372398758,0.8186048155346388
2020-02-19,6.874209036963231,0.16341349618941428,-0.3926194470651936,-0.6178878396315443
2020-02-20,6.8707653496428165,0.16613895725341582,0.541843174920011,0.8448783799930144
2020-02-24,6.850674700249005,0.1632613509087134,-0.5709861360628281,-0.9035953173571526
2020-02-25,6.873991851374081,0.1693182492498847,1.1557739081121525,1.8342320476606102
2020-02-26,6.882517744522546,0.17163024946924332,0.4380768902659682,0.6991897445315454
2020-02-27,6.882636931054828,0.17170664009613906,0.014118059649597114,0.028680372270078885
2020-02-28,6.85078515283505,0.1687059965085214,-0.5512763180396263,-0.8723761553173915
2020-03-02,6.828589428981543,0.16549401421949156,-0.5593308677710382,-0.8794953114125522
2020-03-03,6.813008061018978,0.1677794820964646,0.37916276974706875,0.6150378307706271
2020-03-04,6.824256352922553,0.16176208770426204,-1.0369413264607843,-1.6255932453014494
2020-03-05,6.836974430625359,0.16489175930983893,0.5543326124159442,0.9001067820288751
2020-03-06,6.802863025949501,0.158523662712712,-1.1056130701056723,-1.717327418500223
2020-03-09,6.736569953402803,0.14932785754459565,-1.5918183416682794,-2.4440310604017066
2020-03-11,6.683133876297801,0.14166089112236638,-1.341104710906361,-2.028601721896183
2020-03-12,6.825895199033739,0.14739954795319554,1.0884901176183455,1.7150849550890854
2020-03-13,6.779408846823676,0.16363732413006607,2.550940153842337,3.832375908093925
2020-03-16,6.731168983423819,0.16032769397139637,-0.6487957789413095,-0.9404625669157327
2020-03-17,6.710435790151093,0.15586500838240167,-0.7693661816194037,-1.1116265073421348
2020-03-18,6.738660892640776,0.15879074245130642,0.5142573216369115,0.7982461219099752
2020-03-19,6.826283129016443,0.1635248768260718,0.8648325633921559,1.3152149261344523
2020-03-20,6.806078189415358,0.1740643853768182,1.5943427461592918,2.3651590414112817
2020-03-23,7.014274087343869,0.17984155059438342,1.2563096275373908,1.8473996369231
2020-03-24,7.043532066719386,0.18265765342509752,0.4766971657634649,0.7028226835963967
2020-03-25,7.030235230747449,0.1857600397483638,0.44057616327484794,0.6441238015613487
2020-03-26,7.030540354564232,0.18558902495198706,-0.024965380938944293,-0.03429959684031195
2020-03-27,7.0284965955162715,0.1850680431444291,-0.07933822952777092,-0.11261816255179538
2020-03-30,6.967125468501904,0.17528543681375636,-1.4896184409072681,-2.152313579537344
2020-03-31,6.991496301058843,0.1719905250898132,-0.4505986636275239,-0.6382643144524534
2020-04-01,6.995886157982164,0.17347174559773632,0.2238743350193495,0.33613778729325466
2020-04-03,6.976298279801008,0.1702240202533869,-0.49346544277076276,-0.7227449726420228
2020-04-07,7.075409386512745,0.16379173396976965,-0.7892533632545451,-1.1511254053626352
2020-04-08,7.0735441772877214,0.16461563086304798,0.11947114644455326,0.18851119357339446
2020-04-09,7.08396894825556,0.16337396647638752,-0.16989823555590533,-0.23850028149072205
2020-04-13,7.164987446284449,0.15456930303021327,-1.2255015003678764,-1.7773968688751054
2020-04-15,7.173901229206122,0.15245883526474865,-0.319237781794957,-0.44585026335913885
2020-04-16,7.199352543383296,0.14858556213985513,-0.5780319118663471,-0.824898222243946
2020-04-17,7.209448480136177,0.1466612737375953,-0.29534705967578034,-0.4061662278229943
2020-04-20,7.2275808141493485,0.14924592564998632,0.4250324707887394,0.6520830333931465
2020-04-21,7.205030221181925,0.1477055145212005,-0.25825961102799155,-0.34613300450275414
2020-04-22,7.204299032784034,0.1473942013382521,-0.04610216830345948,-0.03256835073845645
2020-04-23,7.209616979240474,0.1455043272490646,-0.266850204778315,-0.35656122311998495
2020-04-24,7.258476217849502,0.150470340800987,0.7607010587914225,1.1494988145708698
2020-04-27,7.260736798786841,0.14977340363916522,-0.09568404630890726,-0.11075489862104693
2020-04-28,7.260118085413696,0.1501686045386564,0.05480053970336485,0.1104892581799055
2020-04-29,7.280078226967627,0.14783434855041738,-0.3108339663077295,-0.42097241166531285
2020-04-30,7.3561777998888145,0.14247295185930473,-0.7299129909526627,-1.035761928188458
2020-05-04,7.335726270117069,0.1409221909933942,-0.25224573736467804,-0.3272131444098086
2020-05-05,7.333107131285886,0.13997414801178287,-0.13894291864439623,-0.1562062265344717
2020-05-06,7.332535845809183,0.14021783136255986,0.0342643755314711,0.09499991791939849
2020-05-07,7.332439089161264,0.1400463679517763,-0.024449411617894157,0.008266114302876305
2020-05-08,7.331488207499389,0.13878131274627112,-0.1785720507698194,-0.22189761094068974
2020-05-11,7.33371821212105,0.13797093206794578,-0.11158537989005168,-0.11225861369855995
2020-05-12,7.339243697964136,0.13517350525974325,-0.38828060815527365,-0.5263554172840184
2020-05-13,7.34278002057936,0.1339632549943039,-0.16834485614237948,-0.1927389380429098
2020-05-14,7.348459969016663,0.13476883269428416,0.11715079314423704,0.23407745271030322
2020-05-15,7.34701495512946,0.1359972410145489,0.1667248602617235,0.3086785057785341
2020-05-18,7.345749601269096,0.13572341545696334,-0.038030585886133395,-0.00498336024283298
2020-05-19,7.343460644826844,0.1371842516735829,0.1925786055616321,0.3399396286050266
2020-05-20,7.32729866515701,0.1410741019890836,0.5091508943867069,0.8160450436404725
2020-05-21,7.400507637510578,0.13305102929637494,-1.0623295490729099,-1.6002014346223352
2020-05-22,7.392537666590684,0.13087355731133937,-0.3201189467992762,-0.4595738549820327
2020-05-26,7.394666498905608,0.13029170142146065,-0.08170015378791362,-0.09343640055179221
2020-05-27,7.3917917169532705,0.1309402290048849,0.09222567555563188,0.17373624609221364
2020-05-28,7.391636653063612,0.1309709257220407,0.004454068827293156,0.03691492861530715
2020-05-29,7.392190945762208,0.13042730417829995,-0.08123350811324315,-0.09246242341448735
2020-06-01,7.3880787265371595,0.14132694131477044,1.6313748799427792,2.5191375310280333
2020-06-02,7.385159611449497,0.14297747184626167,0.2602860168585437,0.4176071981652225
2020-06-03,7.390701901688472,0.1402415357133503,-0.43032726399636445,-0.6387070252863086
2020-06-04,7.391160199483711,0.1418065314302036,0.24893258292418352,0.4009013596141978
2020-06-05,7.368217173743819,0.14643736100880758,0.7298424783622259,1.1404836985291729
2020-06-08,7.368697651500409,0.1467304829818076,0.04798787432603646,0.10601084589213575
2020-06-09,7.377279624808014,0.14931578966284395,0.4171504064381857,0.6738428334628785
2020-06-10,7.401224942132373,0.141319984084782,-1.2571305450198942,-1.9145173280807706
2020-06-11,7.393864415745906,0.13696445901556928,-0.7173559435645167,-1.0764277795264459
2020-06-12,7.393542730079571,0.13727372274572533,0.05029916587861649,0.10953943951420045
2020-06-15,7.393264473895117,0.13163583592608452,-0.9164024508858333,-1.3708183812681098
2020-06-16,7.401812392419134,0.12895193931689602,-0.4395924737996566,-0.6321052784732141
2020-06-17,7.402735924508137,0.1297670067588529,0.13573126386562606,0.2494651936099187
2020-06-18,7.396947178628676,0.13281726610645578,0.5008515297041782,0.8064734422050505
2020-06-19,7.396329897929177,0.13425541727626428,0.23870161191778294,0.399874674464945
2020-06-22,7.398659302599156,0.1377903862512349,0.5853504470066362,0.9302156080604184
2020-06-23,7.41508411010743,0.13483294855658487,-0.4892529223966129,-0.7152731182060333
2020-06-24,7.423967244981746,0.13684833291001763,0.3444383305764376,0.5696110439421302
2020-06-25,7.4350273336504324,0.13941250718256595,0.42573340783961555,0.692986492285299
2020-06-26,7.4433359188257295,0.13643942976805737,-0.47898180113155675,-0.7171665922874437
2020-06-29,7.451918593647012,0.1387138682060894,0.373367804269499,0.6118079257234953
2020-06-30,7.452479963465134,0.14178558973299574,0.4905561883660994,0.8150663071371419
2020-07-01,7.454901085761211,0.1394209622367362,-0.3767215855972488,-0.555041138714988
2020-07-02,7.4534322230057,0.14485519071885214,0.8689083446136507,1.404278631770055
2020-07-03,7.4525764436688595,0.14403715871496664,-0.1323356948692549,-0.18656055828035653
2020-07-06,7.465152307390994,0.14178010541833422,-0.36074133868942226,-0.5468302896059569
2020-07-07,7.462619259538457,0.13886455041378906,-0.4814121087915737,-0.7345082576156524
2020-07-08,7.4635716136445645,0.13834526071330475,-0.08526339595739074,-0.1021960282166627
2020-07-09,7.480942594394322,0.13566773895908707,-0.44638720936794485,-0.6782134113482335
2020-07-10,7.480727393174653,0.1334518144771536,-0.38349483112109084,-0.5764455351866787
2020-07-13,7.489744840798933,0.13079875391095505,-0.46082894649222084,-0.6955353390067415
2020-07-14,7.493189838763544,0.1318683352679568,0.18841916766172773,0.33661585757866025
2020-07-15,7.493032768814886,0.13208019008785324,0.03654333448013247,0.09598733778574475
2020-07-16,7.492711840878051,0.13276236705319902,0.11781781969855487,0.22397717859458288
2020-07-17,7.51186716267298,0.14024527851405258,1.286903089945774,2.05656596616709
2020-07-20,7.514261437739106,0.14250843997610013,0.39274280894149527,0.6410336375103786
2020-07-21,7.5173131900857335,0.1467654344270413,0.7302719812632965,1.1641691833023458
2020-07-22,7.51674183141879,0.14282329766052446,-0.6762646201398788,-1.0464531132513684
2020-07-23,7.518345636819608,0.14164201352511469,-0.20321226253400226,-0.2973158922929799
2020-07-24,7.524696286877544,0.14327426386347647,0.28102853198077327,0.4618477243254253
2020-07-27,7.522841274451573,0.1451886807706424,0.3211563780447335,0.5299259434093402
2020-07-28,7.532900954426281,0.14282685952478646,-0.3997928931037187,-0.6147857064976546
2020-07-29,7.5330594015275825,0.1505175724811633,1.332449496439633,2.1047202544678987
2020-07-30,7.531658753774334,0.14948713011038292,-0.18280809713004942,-0.27785319398957353
2020-07-31,7.532296669559923,0.14831902664135582,-0.20418655867280933,-0.3128756453086816
2020-08-03,7.537481889345171,0.15308614784422672,0.8314922715607409,1.305932367085396
2020-08-04,7.537980423328357,0.1521461451684256,-0.1640981014957852,-0.25942247095395754
2020-08-05,7.537956335757766,0.15214929478396724,0.0005580896988703898,-0.0032573126634028726
2020-08-06,7.528082971882707,0.1571918612612516,0.9325435956050541,1.4525701252055498
2020-08-07,7.52820962098592,0.15958503563891055,0.4508952666619592,0.693001183877946
2020-08-10,7.527025403124965,0.16181144912669354,0.4188953706879488,0.6367764532673283
2020-08-11,7.5263808711676035,0.16458159078910956,0.5219637504655807,0.8089869032191244
2020-08-12,7.529865067044064,0.16658680291911152,0.37654276313223534,0.577955506892577
2020-08-13,7.557374851019948,0.15953008746608785,-1.325528395972782,-2.097273282172341
2020-08-14,7.556626659020244,0.16024946998274625,0.14103852638163517,0.2064740313861193
2020-08-17,7.567595395318582,0.15726994742917905,-0.5914521177328851,-0.9449873595846774
2020-08-18,7.565357264739422,0.15845336814350947,0.2409934682891759,0.357506333878259
2020-08-19,7.5662204469674785,0.15678527215829158,-0.34223351482914666,-0.5865034732806941
2020-08-20,7.5676040431218485,0.15541873987862148,-0.281601548096738,-0.4866983857151823
2020-08-21,7.56797683059655,0.15573833353462307,0.06566337488889928,0.06578581334272407
2020-08-24,7.571622701287016,0.1582190981592044,0.502145145009564,0.7740530695137201
2020-08-25,7.570917988671024,0.15756154133665898,-0.13158480285316188,-0.25358436625760483
2020-08-26,7.572144715869077,0.15627184652700427,-0.2568311032390014,-0.458599375430712
2020-08-27,7.57239237153946,0.15592587568761423,-0.06924773938070672,-0.15308079089722335
2020-08-28,7.572231268743817,0.15558458597054906,-0.06819542387757593,-0.15800794316223918
2020-08-31,7.5791057808507105,0.15716081302713264,0.30852459947981714,0.451318212311727
2020-09-01,7.57828104723075,0.15737010374668436,0.04066198144914779,0.014704232883778165
2020-09-02,7.574916886187104,0.16008165663557597,0.5385048584976317,0.8249589856959092
2020-09-03,7.578433814254393,0.16248687186686261,0.47808455990826815,0.7287319907783556
2020-09-04,7.570195902944121,0.15821306431743815,-0.8371792335194428,-1.4288683289627728
2020-09-07,7.570663801568624,0.159101700541278,0.17315953706674492,0.225174926505433
2020-09-08,7.56307276227353,0.15715287118932447,-0.3728436928999912,-0.6671090467053107
2020-09-09,7.5593716026662285,0.160589427946829,0.6458960437952967,0.9962888713697738
2020-09-10,7.562707176417338,0.16158677891800644,0.18724115773707695,0.2449608201572151
2020-09-11,7.564289480747954,0.1597364939681067,-0.3410532117487648,-0.6171026395224686
2020-09-14,7.56572469049909,0.16066195844740716,0.1703674304731848,0.222321487137706
2020-09-15,7.56591850426756,0.16020258302689408,-0.08372523153326483,-0.19488994711957888
2020-09-16,7.589355848293624,0.15396217918900915,-1.1514929618120533,-1.9227846753195614
2020-09-17,7.602901796634019,0.15716289924534374,0.6053092650217025,0.9330412318804033
2020-09-18,7.609862203513312,0.1529648131476507,-0.7805057890861775,-1.3183678085513344
2020-09-21,7.60436349140508,0.15221353205652158,-0.13964507596438125,-0.2800669083490771
2020-09-22,7.614490321794103,0.15557726378487877,0.5951346732129288,0.9097449052613564
2020-09-23,7.622070204806908,0.14782913992780244,-1.3521096431350088,-2.249950505861345
2020-09-24,7.6055961493434125,0.14384559840584898,-0.7145433103178931,-1.2134606008778508
2020-09-25,7.60391910985636,0.1450427957261795,0.20997123250885963,0.3017875574699422
2020-09-28,7.60392444739795,0.14504127961768942,-0.00026824641959777296,-0.03634776697754013
2020-09-29,7.616296216111808,0.14263003589802448,-0.43870961076624226,-0.7581386040952042
2020-09-30,7.6157255566401965,0.13851014025482186,-0.7690072372826435,-1.2927890183415256
2020-10-01,7.617595492362818,0.14134332577150296,0.5297341376931541,0.843009519303661
2020-10-05,7.605658248641937,0.1459859216726152,0.8702432982155557,1.3910020509410057
2020-10-06,7.605470132161787,0.14578160764907802,-0.03895577589115362,-0.1022306572246319
2020-10-07,7.605766109849062,0.1459070632267138,0.023547007967820832,-0.003432281889101577
2020-10-08,7.605693051345925,0.1460408314505807,0.024718214268730776,-0.0030346883639361384
2020-10-09,7.608909280808532,0.14736995141529546,0.24402045522438698,0.35340696295846175
2020-10-12,7.609720447558429,0.1465673547087065,-0.14528658493578206,-0.29320932674365613
2020-10-13,7.611302964142255,0.14433739843140653,-0.4050952917357691,-0.7170314341379146
2020-10-14,7.6098325660474835,0.14682487001864727,0.4536741238782298,0.698872460405301
2020-10-15,7.60979251346313,0.14667624977153654,-0.027151120598560397,-0.0940062858028352
2020-10-16,7.594656349585169,0.15127797377913638,0.8446944836153136,1.338903544098275
2020-10-19,7.596692903128971,0.15011469708556324,-0.21999384853498327,-0.41343466777750765
2020-10-20,7.596653890061258,0.1500696400425294,-0.008543071959500992,-0.06278103059382409
2020-10-21,7.593225871190044,0.1514202951880799,0.2564197191566251,0.3771395673387807
2020-10-22,7.59544431180036,0.15517418692918045,0.7187603793638573,1.1375767488468145
2020-10-23,7.605226288932507,0.16337669478420508,1.565786780507537,2.4916469635382286
2020-10-26,7.616161937610447,0.16529473504679076,0.37074490268235394,0.544354461507475
2020-10-27,7.616344411156932,0.164959937621291,-0.06250721014853156,-0.15577938809523367
2020-10-28,7.614918751760492,0.16432118870410245,-0.11848722139964707,-0.24503680931107374
2020-10-29,7.617930164331423,0.16605262647202057,0.314907598913841,0.46170674896066527
2020-10-30,7.614946552421848,0.16815270665141968,0.3783548925498792,0.5847110255965563
2020-11-02,7.615612098610824,0.16460165881903907,-0.6436289806342614,-1.109529706524699
2020-11-03,7.645472392617959,0.15841651024939604,-1.1401430778451953,-1.922910373667225
2020-11-04,7.646459407506518,0.15915741972437966,0.1415517901818646,0.1985983897476577
2020-11-05,7.640851395370598,0.16023668750204695,0.20731924732658058,0.3082675117130093
2020-11-06,7.640936168471724,0.1601360495951472,-0.019833358339170104,-0.07126514511089022
2020-11-09,7.640906417298821,0.16014577556495857,0.0019424931236571297,-0.03782830418142887
2020-11-10,7.64375931755859,0.1634913617328449,0.673248939595311,1.0685055546070181
2020-11-11,7.620716981836066,0.1681666053113511,0.9624339373970159,1.5341679583851213
2020-11-12,7.628204272963525,0.16470415456154072,-0.7424849163438978,-1.2757805642688844
2020-11-13,7.624898120782965,0.16833163070466076,0.7906875811192577,1.2577963499053273
2020-11-14,7.626356658325299,0.1717407299677045,0.7463705502325269,1.1779296013198837
2020-11-17,7.612197897260602,0.18069224659593597,1.9775906986358294,3.1344148352147223
2020-11-18,7.624914741794557,0.17495184704992045,-1.3379655389929894,-2.1932705064991804
2020-11-19,7.6349693871682645,0.18067348054130844,1.3440699988436222,2.077578408498762
2020-11-20,7.633838186124662,0.18345831330179996,0.6573873260530263,0.9788769328364366
2020-11-23,7.631863635451379,0.18563131943412475,0.5146894456956375,0.7458813089016454
2020-11-24,7.642184322997796,0.18182350585939847,-0.9171679968910809,-1.5215154213875792
2020-11-25,7.6416061513475135,0.18076835414510983,-0.25645102911920503,-0.4656253338850267
2020-11-26,7.631978725761027,0.18561116166954036,1.1837218003566363,1.8133604277246207
2020-11-27,7.637797406844138,0.19179837119930665,1.525264832306938,2.32259417249335
2020-12-01,7.6366400928181974,0.19319467903937326,0.349290084780435,0.4765957529903958
2020-12-02,7.632583395445849,0.19783268921782682,1.162951528340841,1.7416231751933176
2020-12-03,7.637085522762318,0.19634676376130716,-0.3838660648022483,-0.6819752991367327
2020-12-04,7.659894310238065,0.1891617631532386,-1.9139000401378468,-3.0396625761063514
2020-12-07,7.659732873361832,0.18689835165724375,-0.6213921181915083,-1.0312643275319304
2020-12-08,7.664350171399992,0.18998680662877587,0.8339416200171144,1.2085144067454896
2020-12-09,7.6677333074692475,0.19226627310106645,0.6057827256138069,0.8538038402274536
2020-12-10,7.667932450230503,0.19159016115380784,-0.1786257997413685,-0.35299469277540996
2020-12-11,7.667040805299486,0.1946336893342684,0.8024962258922272,1.1498516655736457
2020-12-14,7.666996511731883,0.19469142814260262,0.015321903848878549,-0.05789715932086312
2020-12-15,7.668698568924785,0.19878604344034623,1.0801973827220692,1.5728188153831502
2020-12-16,7.6721797281360296,0.1968522270740275,-0.5185668751837085,-0.8767675403265179
2020-12-17,7.673750441508392,0.19803168505326663,0.31377981851547077,0.39458773514577944
2020-12-18,7.677649267835793,0.19392942485937598,-1.0902996623468368,-1.7398136497591317
2020-12-21,7.680432300242834,0.19447672331295016,0.1415756694899386,0.14201713351822126
2020-12-22,7.6819690711931194,0.19672135059640838,0.5646507507535858,0.7828348094294948
2020-12-23,7.677318243290641,0.2005647243139335,0.9704770127855511,1.4085854664886888
2020-12-24,7.677276092244755,0.20068770276444167,0.03133749422438825,-0.027713673688765983
2020-12-28,7.676153245348138,0.2019520601627631,0.32291628257540594,0.4161282689958125
2020-12-29,7.68006544210576,0.20523374238026576,0.830636586173128,1.1899594173664458
2020-12-30,7.67934917920815,0.20694991224795867,0.4342719421925807,0.5818644348786188
2020-12-31,7.68051863484321,0.20572394738070635,-0.3118367683182015,-0.5549242203670665
2021-01-01,7.681319808152097,0.20714949473544958,0.36102747674046753,0.4699432632091435
2021-01-04,7.662588600705757,0.21151262166803006,1.1394845764255663,1.6413841794588961
2021-01-05,7.662121819417369,0.21087867068915694,-0.1678730605516563,-0.3384626294504836
2021-01-06,7.674533259948898,0.20522748725004258,-1.5152195513016267,-2.348466480949517
2021-01-07,7.668413718386292,0.20699703570894976,0.49949355614835156,0.6783924974384694
2021-01-08,7.668843403733512,0.2075208022954985,0.14771516675992302,0.15104120958573608
2021-01-11,7.6662462776372005,0.20466458618649694,-0.7938567149196203,-1.2542027200162016
2021-01-12,7.666213443413951,0.20445846694712524,-0.057077615164274675,-0.14927339902637313
2021-01-13,7.668671708685809,0.2101307645704492,1.5577279256792096,2.2387466517652017
2021-01-14,7.668834758193489,0.21060002041347445,0.12992979972742802,0.12588065865246603
2021-01-15,7.681335381870933,0.21655176545669136,1.6087583891360069,2.2924200987214673
2021-01-18,7.668877003988788,0.2124136837335824,-1.101911062903632,-1.6806328503528596
2021-01-19,7.673205206474331,0.21017467819488878,-0.6007107624912607,-0.9419642261494233
2021-01-20,7.672442966219204,0.2124200266690457,0.6060433359073727,0.8162222897300094
2021-01-21,7.668462041615831,0.20755821656495896,-1.3022361392426518,-1.9447611539710885
2021-01-22,7.669710238199421,0.20800046928053686,0.11664383293552305,0.10413779923276062
2021-01-25,7.669714021851641,0.20884243220458468,0.21863063983541764,0.25168428823845496
2021-01-27,7.665333354634853,0.20720093602391473,-0.4168374404138504,-0.6668566797162133
2021-01-28,7.666264526494893,0.20810867224514049,0.22602594912752494,0.2657931883720702
2021-01-29,7.660702187859816,0.20249611395338274,-1.3774427445519066,-2.0429288574938496
2021-02-01,7.661147596562496,0.20239223551133514,-0.026459332078623277,-0.10159447948787537
2021-02-02,7.697260984439023,0.19374909180438918,-2.2985276969305772,-3.303839823146776
2021-02-03,7.695937688577242,0.1952846914567326,0.4300323398216648,0.5607863960857604
2021-02-04,7.698397178105661,0.19323914302182024,-0.5757649075051035,-0.8601695368990704
2021-02-05,7.696914631626755,0.20177057266659681,2.4065581477102,3.2880649822739225
2021-02-08,7.715688357479852,0.19678658110375918,-1.499378933913441,-2.106468033319125
2021-02-09,7.715959116759198,0.1957120070342401,-0.32833549703798326,-0.48980558918068295
2021-02-10,7.717035162265533,0.19221435164632933,-1.0657160046842478,-1.492360398788274
2021-02-11,7.744040373134042,0.18362378713335128,-2.7085937117653316,-3.6570124700833704
2021-02-12,7.742885022429279,0.18149451057172214,-0.6938728471912796,-0.9576206765010387
2021-02-15,7.742992007114094,0.17864879693428856,-0.9190779436923435,-1.2566417698120085
2021-02-16,7.741376016358974,0.17944270989859865,0.2615351480801138,0.33259394023693944
2021-02-17,7.741902467382916,0.17828422366681523,-0.3831811438534274,-0.5383797895899756
2021-02-18,7.745124446402792,0.17530383350535772,-0.9945093122865103,-1.3557535043932205
2021-02-19,7.7437783169707854,0.16896610710123816,-2.1136001953708146,-2.805247871198472
2021-02-22,7.745162384088767,0.16792676599887416,-0.3569199948285018,-0.47214741853666603
2021-02-23,7.736915757728791,0.1709314851942527,1.0642619806410778,1.400368893594442
2021-02-24,7.736908836176395,0.1709601293284673,0.010227905632397949,0.00991663277961436
2021-02-25,7.748216082150782,0.16649689138719548,-1.6437180577898118,-2.1550945506988057
2021-02-26,7.745309855755658,0.16416197430445953,-0.8542606311034362,-1.1109984485683457
2021-03-01,7.744601429001979,0.16585021791017115,0.6182381056311144,0.82408842573817
2021-03-02,7.744432228215429,0.16670541411605722,0.3133121517324753,0.4216185370830203
2021-03-03,7.737619537809489,0.17028963755919213,1.345648421903661,1.758857748253059
2021-03-04,7.737884603887016,0.17051462374494436,0.08353909736065646,0.10605439855520704
2021-03-05,7.736878305724362,0.16994299753839545,-0.20577730292767882,-0.2695339058627391
2021-03-08,7.737386463166839,0.17142341102402583,0.526667641491585,0.6828676942197877
2021-03-09,7.734310874642593,0.1656669542969594,-2.0262094869273994,-2.620209097619793
2021-03-10,7.733697849521779,0.16627968693668416,0.22109287995204596,0.2857769847700544
2021-03-12,7.738768906678683,0.16984380174647576,1.25753163716238,1.6246475796001971
2021-03-15,7.737680356698206,0.17250308050326926,0.9427710252367945,1.2060739212714564
2021-03-16,7.737820426862465,0.1697039575379774,-0.9926292297646953,-1.3181039540386639
2021-03-17,7.735995597250947,0.1681174275302976,-0.5540899119871341,-0.7432508647947916
2021-03-18,7.737813693055597,0.1655790718386707,-0.8898948993686133,-1.1898836149653242
2021-03-19,7.734951700304431,0.1707212630832969,1.8171365565510058,2.3923451443671357
2021-03-22,7.734355510858437,0.17153927883969472,0.2948306611074827,0.37790741917345566
2021-03-23,7.738056172329284,0.17481162264916583,1.1575671909541043,1.516380433482662
2021-03-24,7.732343423996382,0.1723600769792196,-0.8416831129740387,-1.1214814815199599
2021-03-25,7.738156929410708,0.1791486414872217,2.2914678924209824,3.003657212723082
2021-03-26,7.728318557283999,0.18403301778626882,1.7170225966751076,2.2219422947707557
2021-03-30,7.7275721041034044,0.19301827906462243,3.189513690783798,3.993358829224734
2021-03-31,7.7272571998022235,0.19649719227958642,1.2784649668767258,1.5704658499868778
2021-04-01,7.725979463078655,0.19689502365946396,0.15170418198428592,0.1562195324057793
2021-04-05,7.725570647152414,0.19780076667910684,0.3471120568935788,0.3948862482840009
2021-04-06,7.725592918713412,0.19690311322167206,-0.34262960877657633,-0.4768600506310278
2021-04-07,7.725193029155375,0.198638619857904,0.6614465712152366,0.7884619605487073
2021-04-08,7.719506457809445,0.20205170908035977,1.3289554482148276,1.61458816945843
2021-04-09,7.718880175569853,0.20028694064381394,-0.686086188952558,-0.9180078599073499
2021-04-12,7.724515648585659,0.20192337012653516,0.6048124663018655,0.7015476818770532
2021-04-13,7.724532078678063,0.20191117954343069,-0.004546192651588399,-0.064506516516281
2021-04-15,7.723062656721882,0.20379134413554412,0.7073790584290975,0.8231092790171117
2021-04-16,7.744337650494364,0.19386715973866397,-3.8523208713479136,-4.688979573131139
2021-04-19,7.7467636603393535,0.1965771477356994,1.0897067800674023,1.2533136667048512
2021-04-20,7.747730883905553,0.19920764375676817,1.0432239474546776,1.1880881006625774
2021-04-22,7.7516615831191285,0.20725790759078994,3.1616769724438,3.618135535989828
2021-04-23,7.7561594220441,0.2123391079912986,2.0248036458503975,2.2572727815238403
2021-04-26,7.757462444489891,0.21698354172571602,1.8463643618465966,2.025545603598423
2021-04-27,7.758908318483926,0.21630186577129432,-0.27938625063448796,-0.411809191762062
2021-04-28,7.758962516107477,0.21673247545638216,0.17536411436850585,0.11240067208886804
2021-04-29,7.750500472421217,0.22448851533315217,3.1880967117208314,3.469551074262984
2021-04-30,7.7547901827826164,0.2300429067013039,2.3180984269933305,2.454904077492669
2021-05-03,7.7526010591555305,0.23425121936183957,1.7755492197101432,1.833719980570395
2021-05-04,7.756087450006964,0.23872753154990162,1.8706941129466657,1.9160357507741992
2021-05-05,7.7562821251338585,0.2382402310831791,-0.20491153344133295,-0.35331867330578287
2021-05-06,7.764674166006977,0.23424588744408584,-1.7192269633878539,-1.986541798580286
2021-05-07,7.750909404336848,0.24177540062773017,3.347143955896186,3.4129809167638534
2021-05-10,7.763557235783345,0.23675285576967747,-2.3782853873794636,-2.605892592721512
2021-05-11,7.77079990587349,0.24557522646353735,4.142415959536351,4.050242618271628
2021-05-12,7.768418062833517,0.24393986474641244,-0.7748403644896626,-0.9129272329845453
2021-05-14,7.76668699569007,0.24300302307763777,-0.42678045960579425,-0.5616716305066519
2021-05-17,7.767925507062303,0.2411484611914525,-0.8451316365011365,-0.9791728979309753
2021-05-18,7.76741660323562,0.24166307974183804,0.23695072183899413,0.10974903837516697
2021-05-19,7.768360210866305,0.23818547984088573,-1.5979861652509157,-1.7202409331945152
2021-05-20,7.76368169674111,0.23554609284367187,-1.1812474857313333,-1.2943488685544398
2021-05-21,7.763900753457581,0.23431724622104855,-0.5480355587570642,-0.6592475744770695
2021-05-24,7.763800212916901,0.2302790483392904,-1.789373223013385,-1.8745526426759171
2021-05-25,7.763614003723211,0.23127232635781855,0.4419927819712939,0.32913858855539285
2021-05-26,7.764472744758254,0.23209822311833556,0.3594395703793225,0.2446034800705703
2021-05-27,7.764297348760505,0.2325974964735375,0.2168148924745168,0.1018692364877805
2021-05-28,7.764186426239304,0.23304575648221548,0.19428585280360267,0.07910361588657111
2021-05-31,7.76342649439188,0.23412813455005074,0.4716239793890935,0.352471497169059
2021-06-01,7.764100992519194,0.22913242177542154,-2.1718093995338563,-2.239944819506856
2021-06-02,7.763300748996543,0.23098543401646102,0.8167534576817275,0.701803054089854
2021-06-03,7.763334884436101,0.230618320010433,-0.16126157255528994,-0.26075591658961
2021-06-04,7.764090183135525,0.23244322081982638,0.7918705939935364,0.6738389878627008
2021-06-07,7.764195976461671,0.23428520743041048,0.7952838851352766,0.6744776359269954
2021-06-08,7.76459274943157,0.23479620253329975,0.21711063489641447,0.1072835127899776
2021-06-09,7.764874930692203,0.2352702778149751,0.19833652284263792,0.08819638174608221
2021-06-10,7.764591822815208,0.2368757701775308,0.669769657277655,0.5514835268953235
2021-06-11,7.760397102318989,0.24181089328726757,2.08050112886653,1.9205606564517317
2021-06-14,7.760164288801118,0.24270675159147886,0.3824404861744597,0.2505102968837374
2021-06-15,7.761829185517881,0.24693623273261395,1.7843769846844708,1.6125494251652934
2021-06-16,7.761670180211394,0.2468056578055178,-0.05425924314556596,-0.1880174899506642
2021-06-17,7.766712274419297,0.2503586645322499,1.4344621255551147,1.2593482411021957
2021-06-18,7.76699848666361,0.2470127862298878,-1.3518615025325857,-1.4503688985838468
2021-06-21,7.769146119347065,0.2518944880074448,1.9598805488513165,1.7547337983298708
2021-06-22,7.769260210923406,0.25382645360268563,0.7793475341420475,0.6107648097646827
2021-06-23,7.769415665735831,0.2510525072839723,-1.1145615936138284,-1.2094681550180537
2021-06-24,7.7691853548422625,0.2530159424103615,0.7891277645657198,0.6202106156740556
2021-06-25,7.763179487413985,0.26042129686491056,3.002987434131896,2.7032784012303477
2021-06-28,7.762475032803807,0.26128882582891505,0.36434621631926234,0.19799632651942112
2021-06-29,7.764577443524874,0.2638793547212239,1.067113076398016,0.8588737089176599
2021-06-30,7.76472191530554,0.2642856102411411,0.16594993845141914,0.004551524945627231
2021-07-01,7.768819238870554,0.25911996393065495,-2.123148959893811,-2.1384718065877375
2021-07-02,7.767513276849134,0.2547064507275183,-1.8229140369805066,-1.8390690018016513
2021-07-05,7.773323614013314,0.25068432156574283,-1.7032119850542244,-1.7091683571462362
2021-07-06,7.774503503045381,0.2547842433235748,1.7345136525367764,1.4743542599621269
2021-07-07,7.769210220077524,0.26105111565182176,2.6916952528293336,2.324908242857749
2021-07-08,7.77025118792278,0.26205443771488324,0.4304632760399869,0.24981299227638953
2021-07-09,7.7665371040509745,0.26826647996373404,2.6663535264797673,2.266222158628795
2021-07-12,7.76645830623492,0.267531344545596,-0.31956163752447253,-0.443789443553439
2021-07-13,7.767257653473466,0.26547392981388235,-0.8924739680574447,-0.9606496840619562
2021-07-14,7.767305832478348,0.2688121899864204,1.44310960866558,1.147188965642311
2021-07-15,7.770404148067797,0.26569062771509566,-1.370862337738501,-1.3873547588535813
2021-07-16,7.769494126123063,0.26744565594569886,0.777262878427436,0.5453821088825043
2021-07-19,7.771774179976883,0.27028774764848357,1.2375684190196523,0.9541929282792095
2021-07-20,7.775057296033198,0.27235547188707987,0.8764820930710897,0.6318116466522897
2021-07-22,7.773253066458521,0.27431620362093023,0.8388419742007898,0.5959630029739423
2021-07-23,7.773496660889575,0.2773628077261694,1.2986694505965772,1.0059934041781018
2021-07-26,7.774711332250643,0.2759309984726827,-0.6184510416033504,-0.7160755664872325
2021-07-27,7.781894113122374,0.2718872602468574,-1.7956840110361156,-1.7572883359789657
2021-07-28,7.781384572299479,0.2788776223926238,3.1246413953709435,2.5904478727513935
2021-07-29,7.801238074776334,0.27334360241189626,-2.6950444572155448,-2.49362795644216
2021-07-30,7.802870017417828,0.2756116333472585,1.1014052868349609,0.8028210069321164
2021-08-02,7.802864570555513,0.27090685833749456,-2.2741185965086146,-2.1039425911615717
2021-08-03,7.803502007056605,0.2682757688185501,-1.2851589230284617,-1.2429103755556177
2021-08-04,7.805687359326131,0.27288430923638807,2.2252166848240904,1.7592927354936352
2021-08-05,7.805821262704805,0.27870771654086074,2.8244024163511483,2.2436279200344273
2021-08-06,7.805655846038092,0.2767203345026602,-0.9726818369346404,-0.9694298465347069
2021-08-09,7.8061826982742355,0.2775509595117432,0.3996385075579951,0.19006012543562484
2021-08-10,7.804156664798976,0.274858271416595,-1.2708291504151106,-1.2129526463443165
2021-08-11,7.8012276030897105,0.27883426161547004,1.8972322652386993,1.4502914794000654
2021-08-12,7.801183415449479,0.2789475239375574,0.05458148544309438,-0.0974452067008921
2021-08-13,7.800249082776616,0.2810593517214039,1.0201387482995017,0.7120032357799431
2021-08-16,7.799998042851225,0.292010181315392,5.278710108521949,4.124963222431229
2021-08-17,7.800561963179916,0.29331261889467825,0.6576075623766826,0.37227398183367466
2021-08-18,7.805115599103146,0.2985494237445112,2.5689442490928798,1.9046972774127289
2021-08-20,7.787143778952962,0.29050459489263886,-3.837211681895809,-3.1918513600142973
2021-08-23,7.786616272065487,0.2842195959062433,-3.058891695610953,-2.532500972932165
2021-08-24,7.787552820922102,0.28343512580731717,-0.39155449817987176,-0.44894065718158993
2021-08-25,7.795811251985087,0.27536438389554474,-4.056424098647511,-3.230809180319429
2021-08-26,7.795627142288979,0.2748684899571072,-0.2541885726433293,-0.3220461573528073
2021-08-27,7.801448332376928,0.2691615933957348,-2.9347321056571047,-2.33554877365242
2021-08-30,7.798194144460037,0.2725782517852046,1.8015015389554208,1.2369986996850628
2021-08-31,7.8106784103411515,0.26481638665298324,-4.197237352640116,-3.2071669246039023
2021-09-01,7.80942443110923,0.26210111654749424,-1.4897013190252721,-1.2000008689868695
2021-09-02,7.809808209439762,0.2643825497887015,1.2365651603364114,0.8029063103593306
2021-09-03,7.809432799947099,0.2657456033715792,0.7382370532270812,0.4349697268104383
2021-09-06,7.812191973657035,0.26113012394242296,-2.5106704753954148,-1.9318288075638737
2021-09-07,7.812642292492962,0.26228167812930264,0.6242359206322021,0.35563372980149927
2021-09-08,7.81426899408009,0.2655418920886482,1.7369174407672858,1.1609194881899112
2021-09-09,7.8143270578401625,0.26540821364753414,-0.07164550825150684,-0.1577612635431926
2021-09-13,7.8190832882733945,0.26102626485356395,-2.3807230707013787,-1.8204227931333712
2021-09-14,7.8193817041446945,0.2587781549407383,-1.228506464069028,-0.9824872101935558
2021-09-15,7.821766105816003,0.25484565350818167,-2.1637053322188535,-1.6416319240265422
2021-09-16,7.821482653316352,0.25292648223816205,-1.0541272247229188,-0.8393722073606456
2021-09-17,7.818650444892684,0.24901044776866568,-2.108817591265364,-1.583694703634624
2021-09-20,7.796742072132447,0.23923338392623483,-5.0615609590563935,-3.582403255142332
2021-09-21,7.7964424133976005,0.24125377267211187,1.0895438474131964,0.6932573178594377
2021-09-22,7.798737792585269,0.23864389516692944,-1.4118633708642818,-1.0440019568868806
2021-09-23,7.809087468079313,0.23178927885364267,-3.8005298643131056,-2.653556968719484
2021-09-24,7.8086942527165535,0.22525113892374019,-3.679874652086795,-2.531701133379956
2021-09-27,7.809079190498292,0.22286917501222037,-1.3586564367258944,-0.9562706126887295
2021-09-28,7.809529885044249,0.22531438970004986,1.3788503046010732,0.8892164270928277
2021-09-29,7.81291620421077,0.22185959557678775,-1.975909679635791,-1.369081761094752
2021-09-30,7.813091948987589,0.2226177239619007,0.43103417955104817,0.2481821673307195
2021-10-01,7.813885586437323,0.2255366807026985,1.6378773153927852,1.054751559466551
2021-10-04,7.818576454411535,0.22187984558718046,-2.101150318174831,-1.4459658659067904
2021-10-05,7.81960657304882,0.22414843182959113,1.291024474202132,0.8183177086007034
2021-10-06,7.822465070499849,0.22627295917346762,1.1715994770435003,0.7330186438285836
2021-10-07,7.822591208870097,0.2274652621901312,0.6529539924321313,0.3861534774826799
2021-10-08,7.823629921933463,0.2311637077650431,2.0023655120016883,1.2810606626407974
2021-10-11,7.826437694553243,0.22798594569025968,-1.7515123172895812,-1.2116155632733883
2021-10-12,7.828417331499511,0.22562830238921772,-1.3197300059934776,-0.9197141063556132
2021-10-13,7.828444785824586,0.2255888568995174,-0.02232528914835541,-0.05927175960453646
2021-10-14,7.828385494645147,0.2256919770944787,0.05875333240426528,-0.0050208779555601275
2021-10-18,7.8356209300727215,0.22113772174166274,-2.6801120375787235,-1.8027895145348614
2021-10-19,7.834340947604147,0.2173442584864137,-2.2262380570081746,-1.492587585801489
2021-10-20,7.8389178797806185,0.22095039819449605,2.058497129491059,1.309700564102356
2021-10-21,7.84352627105317,0.22430723119912505,1.8615936440183134,1.1728236458683297
2021-10-22,7.855817370959398,0.23122752028546004,3.7012048059722957,2.340110024295356
2021-10-25,7.855781670571582,0.2305585143710732,-0.36353668637693204,-0.2820591090697041
2021-10-26,7.853444505808033,0.23331202122355182,1.5079256760678845,0.9198609738041483
2021-10-27,7.853485795691809,0.23345038255208428,0.07514346891410639,-0.002462497968309622
2021-10-28,7.853762757598488,0.23379048493277851,0.1805429172564743,0.0668197110355015
2021-10-29,7.858970382046156,0.24054136773987775,3.5090322887874947,2.189121721294843
2021-11-01,7.857848553182645,0.24147840050673042,0.5065533392240411,0.26940699222759174
2021-11-02,7.855772995928567,0.23742652356193,-2.1505432412507304,-1.4180137971493956
2021-11-03,7.85748697735937,0.23464495444517744,-1.496930804584153,-0.9964614087936733
2021-11-04,7.85812135358037,0.23667157824296328,1.0806739670440493,0.6389121585906667
2021-11-08,7.859190090346727,0.2410639060856503,2.3203145868953214,1.4154743802579233
2021-11-09,7.859884604490862,0.2427554489563374,0.889652721293757,0.5068234970153894
2021-11-10,7.8606588356350136,0.24341359114123381,0.3365954664197375,0.1535728948034958
2021-11-11,7.860913212706116,0.241739952385523,-0.8528509942535152,-0.5965195900439664
2021-11-12,7.870716733738359,0.23280627011105834,-4.631461857398733,-2.9235729294509776
2021-11-15,7.8685869968457425,0.2301757905190966,-1.3908876372926073,-0.9039571713730994
2021-11-16,7.869672446563742,0.23136859418374559,0.614970821258197,0.33952351779093204
2021-11-17,7.869474697526509,0.23013907360924132,-0.6277515500250104,-0.4284381459593015
2021-11-18,7.867859076379599,0.22636934952053975,-1.8989282952957893,-1.207404686625723
2021-11-22,7.868273937114587,0.22124092938268006,-2.5880572497934935,-1.6216977867268696
2021-11-23,7.867950670175436,0.22174872729875175,0.26070590870872934,0.13485551062110637
2021-11-24,7.868677217135565,0.21869357517426963,-1.5631362064555248,-0.9821235505547804
2021-11-25,7.868977431522368,0.21953036581215993,0.4246717574697385,0.24565968314663533
2021-11-26,7.874724353472908,0.22175188350559616,1.0716776262206338,0.639414502253948
2021-11-29,7.874651232677008,0.22113062519131257,-0.29742164772893886,-0.20219818382418728
2021-11-30,7.871328601756726,0.21626965647201876,-2.2865852162323534,-1.419418531489606
2021-12-01,7.875156298874548,0.21234033513121406,-1.8880627017783809,-1.165129162678617
2021-12-02,7.873815435072665,0.21413067074611025,0.8720762240738225,0.5262861796470418
2021-12-03,7.8762240126446335,0.21863941250296587,2.164751108100859,1.3101810151302786
2021-12-06,7.876371759715166,0.2190428926110845,0.19320345637989078,0.1054308216892272
2021-12-07,7.879697421377266,0.21709773865271104,-0.9534494686679551,-0.5919683301169318
2021-12-08,7.882860518995384,0.21481793208865038,-1.1443268428699156,-0.7048057681354648
2021-12-09,7.882832498379852,0.21597681283123288,0.5805547149283967,0.35423549388598
2021-12-10,7.88287120420978,0.21690053368050852,0.4601262313674539,0.27829029943411976
2021-12-13,7.883780048023512,0.2130741117031133,-1.906154861639692,-1.1733277806010634
2021-12-14,7.88421126270198,0.21158056812732778,-0.7502599883785592,-0.46386331687179283
2021-12-15,7.883958969251202,0.210477454541564,-0.5492257021722509,-0.3372850856924912
2021-12-16,7.8859072758159074,0.21348742728711292,1.473110383581698,0.9001923962920914
2021-12-17,7.885580994874777,0.21014667900161316,-1.631021914019783,-0.9962912615497101
2021-12-20,7.879820599417033,0.20616330258199364,-1.8936213318661288,-1.1478539744615235
2021-12-21,7.879560344879721,0.20646094533892034,0.1440729032771486,0.09523907538067092
2021-12-22,7.884043033815579,0.20346865503278178,-1.4854082814993177,-0.8922152095623459
2021-12-23,7.88404741689389,0.20378502547663613,0.1571352169659832,0.10772702261046736
2021-12-24,7.883822320333139,0.20260056147609712,-0.5832008183466684,-0.341551481141654
2021-12-27,7.885596958540254,0.2061119604289108,1.705065764645198,1.0455888877592179
2021-12-28,7.885917232719197,0.20526308853584677,-0.41601420945445966,-0.24466732263796073
2021-12-29,7.885776411382831,0.20475564758068954,-0.24627094538688254,-0.13938282807576907
2021-12-30,7.885400616715476,0.20381886365072058,-0.44909017954211095,-0.25962490883443357
2021-12-31,7.902199762866778,0.19528596394399145,-4.249387398134445,-2.5319762325164117
2022-01-03,7.900952050781813,0.1990103479535021,1.931002061520985,1.1785798984635218
2022-01-04,7.901190227307326,0.20121258480500587,1.1381019210474932,0.701876871421447
2022-01-05,7.9015568412929325,0.2066554942229504,2.800459708677579,1.6836765767207698
2022-01-06,7.902419936596003,0.20334380862852638,-1.730168127449943,-1.0126018604004143
2022-01-07,7.908674913343987,0.197177936373569,-3.2898846329316456,-1.918135603957332
2022-01-10,7.908611739655231,0.19817732817854522,0.54143561169424,0.3470241941094209
2022-01-11,7.906900860911522,0.1942559168219382,-2.0907459580820955,-1.201205386418388
2022-01-12,7.908143901071671,0.1925362700548287,-0.9336061048524016,-0.5208987664756113
2022-01-13,7.902336455029872,0.20094820564135316,4.619126984164055,2.706063228115834
2022-01-14,7.902336657775036,0.20101282196340273,0.036564989444272555,0.041579926143509985
2022-01-17,7.902409285924003,0.2036987964343877,1.5043221651568217,0.8887271537889365
2022-01-18,7.901342221093105,0.20203299755359022,-0.9184752569863832,-0.5162067439291993
2022-01-19,7.901812517376668,0.20105235274352126,-0.5439702099118335,-0.2944125726219548
2022-01-20,7.901809726456404,0.20097057033632856,-0.04511289484179315,-0.0039773471486515
2022-01-21,7.903251395657571,0.19388550519093928,-3.906089405843474,-2.2179976059311506
2022-01-24,7.898748485410722,0.19149990940893877,-1.2920383271623024,-0.7098034415412343
2022-01-25,7.899054826874405,0.19025228536629088,-0.6749293569532142,-0.35382099387985266
2022-01-27,7.9002622472447985,0.1855565410834575,-2.5412082210151823,-1.4172514830014806
2022-01-28,7.9004339060005595,0.18399362847963344,-0.8524157048640006,-0.4485613362476491
2022-01-31,7.90046192241754,0.1843699429385557,0.2037760511679778,0.15823500581661032
2022-02-01,7.892216808079832,0.1902965968180868,3.2919007913900487,1.9119160526894705
2022-02-02,7.892320022306206,0.18998755157675912,-0.1751110129665534,-0.06658414048129786
2022-02-03,7.892330406077437,0.19023651015216617,0.13991833652791286,0.11335308732402825
2022-02-04,7.894212749016119,0.18770346384352463,-1.4411463330811642,-0.7885115749839906
2022-02-07,7.8943324660001,0.18929840883163204,0.9044351085972835,0.5472058624687323
2022-02-08,7.893259745279214,0.1937743800931902,2.54308575792264,1.468994648302898
2022-02-09,7.897045308029733,0.18962341827624243,-2.423753530425941,-1.3487170640639876
2022-02-10,7.896347612295309,0.19154605020768345,1.1361809418986724,0.6674370848442961
2022-02-11,7.896902177794556,0.19410411341587547,1.4982072741267274,0.8768463259360784
2022-02-14,7.892964411767042,0.19101095195752818,-1.7552252741333945,-0.971582165089887
2022-02-15,7.893682976661862,0.18982311332521878,-0.6837639581989379,-0.3619173988794244
2022-02-16,7.893454958288622,0.18871364104661298,-0.6328185094653094,-0.3341023753433239
2022-02-17,7.89367056831431,0.187429254578239,-0.7327260249309404,-0.39703694291015196
2022-02-18,7.893798667772687,0.18823411112409213,0.4558136124687451,0.2787668047478225
2022-02-21,7.898727840380171,0.1927331643042894,2.4730635892474027,1.4175934391626488
2022-02-22,7.899983426875018,0.18488532791352513,-4.354729879472217,-2.4268362384876583
2022-02-23,7.900230548402486,0.18341106510485564,-0.8421267092121809,-0.4511780217392713
2022-02-24,7.899777246917083,0.17346652054724868,-5.63307894614006,-3.0749596894201447
2022-02-25,7.895221880111245,0.1782895321298198,2.910350140778405,1.621495637481537
2022-02-28,7.894727522221909,0.17851755945354203,0.14484057235586079,0.09930363342761324
2022-03-02,7.891348537757103,0.1807841109969939,1.4849558174282578,0.8349596950778229
2022-03-03,7.891143395958756,0.1812460695276438,0.30521109993216555,0.18581712466755346
2022-03-04,7.893752924542753,0.1838872362106059,1.690078460841164,0.9395467889577079
2022-03-07,7.9048232171238935,0.17648697759579246,-4.932219727834138,-2.6537104825323463
2022-03-08,7.909615859916723,0.18050370926873144,2.652626686171317,1.4469454919075178
2022-03-09,7.90940909352622,0.17963991066117288,-0.5670152196183267,-0.28920582676022444
2022-03-10,7.908144027421409,0.18515205520769848,3.618599380800859,1.95234873993434
2022-03-11,7.908335461572388,0.18616591974620156,0.6687561948197498,0.3691800169625189
2022-03-14,7.9083850246174405,0.1852008988415697,-0.633015902193037,-0.3277241642068244
2022-03-15,7.9082469176905095,0.18510870934713136,-0.05794830074508184,-0.018251558844795852
2022-03-16,7.907942429795934,0.18579702071433546,0.43536045369964427,0.241496530378995
2022-03-17,7.906881039756909,0.1900202583848234,2.6745230608999293,1.4334028012282218
2022-03-21,7.909058755342405,0.1866728502532368,-2.163735877089195,-1.1461513714279636
2022-03-22,7.9094071166495645,0.18518736222547558,-0.9654081261628562,-0.5020351988913178
2022-03-23,7.909677725270038,0.1847990782057396,-0.25601455248074956,-0.12473041524970896
2022-03-24,7.910392590094614,0.18370620206248317,-0.7303439172861914,-0.3778043894154364
2022-03-25,7.910565623557499,0.1818697414498894,-1.2253888471849308,-0.6413728037755978
2022-03-28,7.911258939433871,0.17972665559179274,-1.439791265497746,-0.7496026400343597
2022-03-29,7.911335282708004,0.1786868262723445,-0.6986547194670578,-0.3512296025174978
2022-03-30,7.917939131627497,0.18345463639915785,3.0675768448842007,1.6500279623430085
2022-03-31,7.932412678862607,0.19247647789231376,5.608856652536517,2.9374490322460454
2022-04-01,7.932653673192616,0.19447952971427782,1.2859236961994895,0.6802509897866313
2022-04-04,7.933687077604291,0.19316360634720203,-0.8547504139695832,-0.43660603469171205
2022-04-05,7.933658623797645,0.19359865484735994,0.28154710969477037,0.16652801117387733
2022-04-06,7.935014788314692,0.19885740676255131,3.3621584422015047,1.7778975310858973
2022-04-07,7.934893774191257,0.198507454475367,-0.22375794644817404,-0.10309383367904836
2022-04-08,7.9346709613497834,0.1992761098843791,0.4918341315744925,0.2721037583421542
2022-04-11,7.934661000954115,0.19923223162273024,-0.027769651978431398,-0.0012028952751499341
2022-04-12,7.944372660810879,0.20465191734566704,3.265573834568798,1.7119055941676824
2022-04-13,7.944389998795341,0.20376257057135636,-0.5414721939332878,-0.27099660630290023
2022-04-18,7.944627280431019,0.20696495686793684,1.9333054836939993,1.0141684104470283
2022-04-19,7.944649189562206,0.20704982425728063,0.05090729183869769,0.034035453528700174
2022-04-20,7.945274897729411,0.20383547219410217,-1.9257543154706696,-0.9906749337033074
2022-04-21,7.9451351018206715,0.20325100032768495,-0.3481543600989454,-0.16758617022729214
2022-04-22,7.953121889924243,0.20840864728014685,2.948629744775374,1.539308283505635
2022-04-25,7.9509381920243305,0.20681273602889114,-0.8936391786920694,-0.4630566310991461
2022-04-26,7.951779132925772,0.2094447980472845,1.4551433706026273,0.7624268011659305
2022-04-27,7.952121263665966,0.21231520944650795,1.579260118275144,0.8339094131421785
2022-04-28,7.953183160524669,0.2163701343795337,2.214505021298919,1.1659637719495266
2022-04-29,7.95514798722824,0.2208629991303565,2.436957829555624,1.2795066622585107
2022-05-02,7.954926443927407,0.22467672833525693,2.077746649175367,1.0841618933118067
2022-05-04,7.961827492666899,0.2289736333823699,2.2704846338363893,1.1771716573126374
2022-05-05,7.962902241726721,0.23345772106217508,2.3626079750183777,1.2298683934013686
2022-05-06,7.974710664202301,0.24190086046247503,4.351226600569305,2.2469641788212944
2022-05-09,7.9739121329854195,0.23782240018608883,-2.1516752053456543,-1.112861043199436
2022-05-10,7.963062777742293,0.23155730449675005,-3.202591620170267,-1.640618723057903
2022-05-11,7.962744839341796,0.2306902422517739,-0.4448171195795254,-0.21764897832084237
2022-05-12,7.961014282059081,0.22954295816361528,-0.5694832787602024,-0.2846901802627586
2022-05-13,7.969419191971533,0.23381283026727348,2.0443934022426475,1.0720047482102322
2022-05-16,7.969505577576348,0.23449972581685427,0.3279143531260047,0.1770942254735424
2022-05-17,7.975727244122626,0.23255218848232917,-0.9681718776168395,-0.49061784891252375
2022-05-18,7.981909014175372,0.22731240687263468,-2.6474310589927654,-1.363000161082433
2022-05-19,7.978142950327884,0.2246434983481808,-1.3277393402876214,-0.6706243026003424
2022-05-20,7.976052994166324,0.22740437880448458,1.3804141236032592,0.7389235336541506
2022-05-23,7.952589697745206,0.2085006817508237,-9.23940160653865,-4.58004776304646
2022-05-24,7.951195406822154,0.20746519054494192,-0.5853451674423269,-0.25838838867717395
2022-05-25,7.951166065775171,0.20742317882463865,-0.02243734520776286,0.020866791256256664
2022-05-26,7.9479419612963405,0.21200336902428416,2.432562351479646,1.2399082380932638
2022-05-27,7.948154324795068,0.21126279335993212,-0.3953974780417582,-0.17420956503892773
2022-05-30,7.949821235708285,0.20879478855226166,-1.313730172783096,-0.6291997746146321
2022-05-31,7.950712792343166,0.20734975289106403,-0.7710035016941674,-0.35587908245429367
2022-06-01,7.955263791887849,0.2129199640465223,2.914526167641057,1.4725326865627384
2022-06-02,7.956451086288052,0.21755223826798367,2.426617190420444,1.2219429160144957
2022-06-03,7.956446103721387,0.21753695576268706,-0.007958860140703905,0.016163702066807728
2022-06-06,7.956343270053152,0.2183932993154144,0.44129772801152,0.23422851046479284
2022-06-07,7.956581370407435,0.2189964433405616,0.3064773784736019,0.16830844498693676
2022-06-08,7.957134568076426,0.22262939593888595,1.8245902924588364,0.9172454008395541
2022-06-09,7.955312183554128,0.2176613371747213,-2.4769671092047645,-1.2071645489849743
2022-06-10,7.956870959031918,0.21879031160722004,0.554377322055629,0.2932954918942026
2022-06-13,7.963728646435342,0.22183645397443572,1.438498472853297,0.7276930199211392
2022-06-14,7.971263016385385,0.22720041097237928,2.473482142978227,1.2311915046098565
2022-06-15,7.973220199380196,0.23178799322117105,2.1107575301351744,1.0475269911183915
2022-06-16,7.973040357120191,0.23171844704775096,-0.031171942299806688,-0.002030046070615139
2022-06-17,7.9752346998855215,0.2340019602830733,0.995923953337865,0.502894407386025
2022-06-20,7.970260518587313,0.23124213915413666,-1.174753068656642,-0.5615054322569688
2022-06-21,7.978796336014731,0.22627745368529717,-2.1254708952146615,-1.0242325214919492
2022-06-22,7.979908953292978,0.2267135371457494,0.18396167081189674,0.11505233587068756
2022-06-23,7.980021651794352,0.22693754131685348,0.09224332184082584,0.06709212085642265
2022-06-24,7.9799512616573605,0.22707907777839864,0.05794673890805768,0.05400677214616885
2022-06-27,7.9807169076220505,0.22638984286540184,-0.2829305465545815,-0.1123671861360693
2022-06-28,7.990137228579648,0.22151513740530915,-2.029575713362135,-0.9725186052211892
2022-06-29,7.990463867182868,0.22082584591712165,-0.29030340831735657,-0.11198507704822885
2022-06-30,7.990138149251232,0.22027164508422842,-0.22959472013307902,-0.07602622742135329
2022-07-01,7.990158605048402,0.2201646879201037,-0.043983263267165285,0.016843480590946557
2022-07-04,7.989978373107305,0.21632242178878353,-1.5670570354204898,-0.733181027558805
2022-07-05,7.991082166800007,0.21443488468152447,-0.7745779903379457,-0.33832122161093253
2022-07-06,7.99169522976901,0.2158349078811273,0.5680691291062061,0.32257858759766833
2022-07-07,7.993754326814575,0.21497819487665704,-0.35578179915353303,-0.13934356065350864
2022-07-08,7.9936425835047835,0.2137487035233576,-0.5082317188409746,-0.21779140898869837
2022-07-11,7.994821366569054,0.2203152014349812,2.6901716899439663,1.3701064435693102
2022-07-12,7.998958035438244,0.22377914203338314,1.419203048285027,0.7430394006667991
2022-07-13,7.998950764200908,0.223944987953983,0.06757093407995285,0.07033335244313806
2022-07-14,7.998931571004642,0.2245879942950465,0.260027906290361,0.17162249469484728
2022-07-15,8.000079048655861,0.21833078597664854,-2.519415217849044,-1.2105704639042434
2022-07-18,8.009605524176646,0.21355784219550428,-1.998699500618045,-0.9473096872555707
2022-07-19,8.008727601912055,0.21574070983933638,0.9233838522214057,0.5090771385400423
2022-07-20,8.008372269744665,0.21736459161428642,0.6851424198371632,0.38649912249948937
2022-07-21,8.009723210424092,0.2156001337877309,-0.748743402165374,-0.32535677572108945
2022-07-22,8.011411541862882,0.21313289483244952,-1.0535495214237756,-0.47300743160294073
2022-07-25,8.009856482105397,0.2153253130401643,0.9442070913062395,0.5233437645261222
2022-07-26,8.010030659282123,0.21570009410466,0.15979334608287843,0.13348765949367097
2022-07-27,8.010764502055192,0.21458825308855123,-0.47594190157690264,-0.18038961845092247
2022-07-28,8.007195895241901,0.22215801730225054,3.252130230679114,1.664827551620425
2022-07-29,7.9961544718003035,0.22698820835150724,2.204899875571712,1.13542361917462
2022-08-01,7.998723073556426,0.2246279211311444,-1.1033608966136654,-0.4999642796447322
2022-08-02,7.998665569917637,0.22447534946089154,-0.07062277416554252,0.009637587268460795
2022-08-03,7.999558258405064,0.22654056238294476,0.9430980606875181,0.5170227913926407
2022-08-04,8.000830842159585,0.22452811326259267,-0.9262043583887163,-0.42154656251018735
2022-08-05,8.004950838049695,0.22884899595181074,1.950728876346318,1.0126609329009957
2022-08-08,8.009295900826608,0.2239034906535977,-2.274669290480702,-1.0937388864687578
2022-08-10,8.01819183102531,0.2187415406512925,-2.4672904100136748,-1.1814126372707057
2022-08-11,8.018205957454963,0.21914925079293826,0.1963609415021068,0.15193644790028665
2022-08-12,8.016923366520473,0.22482099525478655,2.7251332590338535,1.4102556754496638
2022-08-16,8.019770945382476,0.22949247437134246,2.2451214142795237,1.1611010588101005
2022-08-17,8.02362454416193,0.22448672068083214,-2.4481828917871695,-1.1696926717564138
2022-08-18,8.023626396175523,0.2243796131525142,-0.05273465538199673,0.02406749081957374
2022-08-19,8.023680198664039,0.22443910012300386,0.028607364932526025,0.06659859621104443
2022-08-22,8.018540330445486,0.21872764599088554,-2.6866966849609355,-1.285860082695453
2022-08-23,8.018523030217194,0.21875188761320827,0.011664372985848104,0.07606663747613997
2022-08-24,8.018944159965047,0.21629753151010225,-1.1762888073521367,-0.5172889377385252
2022-08-25,8.019858483183194,0.21369974861160446,-1.250063260443298,-0.5633868642149968
2022-08-26,8.020737745073435,0.21234621756004163,-0.6579741296194044,-0.26786669573417204
2022-08-29,8.020190091438737,0.21162817592262642,-0.3426891300166943,-0.10672140450989684
2022-08-30,8.018367612975474,0.21440536627116943,1.3348262589620816,0.7454773500160491
2022-09-01,8.024342843510905,0.21860049414531454,1.9634425850294406,1.0623054958307063
2022-09-02,8.025914839353527,0.22054200240259567,0.898025302714089,0.5089001615217962
2022-09-05,8.030235546236945,0.2169088815775458,-1.7091976218341927,-0.8291334826250013
2022-09-06,8.029639278540465,0.21910746763873074,1.042020423011408,0.5847886260913912
2022-09-07,8.0301330141996,0.21652983042682397,-1.222418720912799,-0.5943466200330543
2022-09-08,8.032128621306125,0.21838145647220805,0.8596764755166362,0.49053293641277307
2022-09-09,8.033094040593815,0.2157770836397977,-1.2122597748713702,-0.5843332135392748
2022-09-12,8.03237641689989,0.2172404245767752,0.686677475757179,0.39887270791159257
2022-09-13,8.033595395146401,0.21490530785082632,-1.1030391942257438,-0.5318711611255839
2022-09-14,8.033525136448914,0.21504558362818083,0.06682812752490008,0.08238778550815216
2022-09-15,8.039144911540216,0.2187831992496474,1.7232839916671736,0.9431786952793241
2022-09-16,8.04336142812636,0.2221269881413496,1.5093320912611574,0.8246938479171093
2022-09-19,8.042575639393808,0.2172735661603334,-2.183128988571994,-1.1018219130816267
2022-09-20,8.042016271848711,0.21793126115465117,0.3023599650409494,0.19068782488230318
2022-09-21,8.043810608885623,0.22001195378372984,0.937320032916034,0.5187081009454205
2022-09-22,8.043775022292364,0.21810915253045013,-0.8541151156200044,-0.4218403111506839
2022-09-23,8.058047398401772,0.2271382745102236,3.933020887317298,2.0795001977314196
2022-09-26,8.066719960882384,0.23035160294266205,1.3932816697488732,0.7403456563492062
2022-09-27,8.065124722954067,0.22595786972350718,-1.8780082062211676,-0.9807970653539946
2022-09-28,8.06625521642249,0.22669203921493022,0.3080259036764943,0.16229445092205838
2022-09-29,8.06795380107863,0.22492343739975318,-0.7453488233644947,-0.40561286876361846
2022-09-30,8.078550873775255,0.22009506482305974,-2.098609111700682,-1.1255263938099327
2022-10-03,8.080152493296822,0.22224360339340302,0.9308134849496952,0.4921497389883953
2022-10-04,8.080528187856466,0.22194517592537027,-0.13113345993851055,-0.07889930526657699
2022-10-06,8.08847410748795,0.21788207297167034,-1.8381943514078642,-0.9856847649845037
2022-10-07,8.088489949304535,0.21765653245534025,-0.10265476700507747,-0.055128031766733095
2022-10-10,8.088989861435568,0.21913255713522659,0.6638893038036286,0.3498334563747502
2022-10-11,8.088694233271003,0.21888278072721323,-0.10966335137746341,-0.0619724727647857
2022-10-12,8.089160537099168,0.2172460397316611,-0.7176409197762297,-0.38439909382991855
2022-10-13,8.089452145835155,0.2154648205901215,-0.7807891292980003,-0.4152079363372724
2022-10-14,8.090302094095899,0.21742426947368196,0.8500385834485655,0.463629886323517
2022-10-17,8.093676502778841,0.22086295195670136,1.462840187176539,0.7867799281130253
2022-10-18,8.093619524190537,0.22099128510286092,0.05500274240773706,0.026250930120976214
2022-10-19,8.09370980541281,0.22130132332755842,0.13163075273619995,0.06719983735198246
2022-10-20,8.094009109078709,0.22068629739839268,-0.262056287313726,-0.1441812733531437
2022-10-21,8.093915409586582,0.21983800456876304,-0.35953537268240154,-0.20248266929888176
2022-10-24,8.093701829547031,0.22103678447522082,0.5077051671922135,0.2614617079916172
2022-10-25,8.094124090235379,0.21968287389451888,-0.5748542560001653,-0.3207749625897588
2022-10-27,8.0950460447006,0.21904008107528003,-0.2794875006549091,-0.1558956054785514
2022-10-28,8.093796008285137,0.2171007885793805,-0.8320255970769637,-0.4505429402880745
2022-10-31,8.093809264801152,0.21650284702878456,-0.25605240242153116,-0.13461009700260587
2022-11-01,8.098231341655417,0.21143097501715422,-2.200627691914775,-1.1922782872807882
2022-11-02,8.1007125426713,0.20799355361030564,-1.5281954218765748,-0.8190963244240924
2022-11-03,8.107261692642464,0.21443758162040008,2.8186972429236192,1.5473438773317403
2022-11-04,8.113115503331155,0.21122076302753665,-1.4778758817775355,-0.7875717599132646
2022-11-07,8.112717825138395,0.21174289065108037,0.24378202083261158,0.15684354134262668
2022-11-09,8.127535572781154,0.2199700180952782,3.699587919067625,2.027451425492095
2022-11-10,8.127121093112052,0.2187785176900073,-0.5476412878472985,-0.2905656065785519
2022-11-11,8.128725640705046,0.2175300761367436,-0.5830109617377133,-0.30642971557195914
2022-11-14,8.149390987583995,0.20834472874791693,-4.4739636538861305,-2.396552874943558
2022-11-15,8.149874099056206,0.20676152782836876,-0.8061463234106014,-0.4065608756913138
2022-11-16,8.149836660733,0.20670876410905187,-0.026276001877377553,0.016662904638008236
2022-11-17,8.15084058016229,0.20825549541390206,0.7563925863556307,0.4371949432711941
2022-11-18,8.150907292599658,0.20854519125497495,0.14045766902175671,0.09443768585998331
2022-11-21,8.151660412266116,0.20960113756361673,0.5025563803123276,0.2892056977946411
2022-11-22,8.151801588640014,0.21153914743238225,0.9166567543112905,0.5157554438273639
2022-11-23,8.151910200783302,0.21105318375280807,-0.23014119096539787,-0.11458204322696926
2022-11-24,8.15286248714683,0.2089245541646468,-1.012198866272513,-0.546685799234953
2022-11-25,8.152822921469946,0.209092319600018,0.07999601585625271,0.04819972160311201
2022-11-28,8.154106051545861,0.21069568184973106,0.7495780811379689,0.416631586760716
2022-11-29,8.153966572389056,0.21110458284643957,0.1917455803561552,0.10509493263087137
2022-11-30,8.158173943137802,0.2077687209782785,-1.5986531799417918,-0.8786991737263902
2022-12-01,8.157814284777816,0.20809316748246215,0.1595729530261849,0.09368199138309172
2022-12-02,8.158130435442411,0.21144798095006873,1.641397067342865,0.9063313523225497
2022-12-05,8.159529401166319,0.210515590235921,-0.4724179527537018,-0.26394486212583185
2022-12-06,8.158928231999193,0.20968780774975337,-0.41179807989995254,-0.2341467719363402
2022-12-07,8.158444529142724,0.20870717594045543,-0.48092861270153264,-0.26956780384342477
2022-12-08,8.15944076268481,0.20681608268008328,-0.9352947876613058,-0.5158476041500402
2022-12-09,8.160006229944505,0.20768731351019407,0.42448037893953483,0.23922500170598468
2022-12-12,8.160336240225975,0.21051851158392082,1.3713017844777653,0.7597277225425373
2022-12-13,8.160612971474173,0.2113895035528582,0.4193966046160966,0.2278511414178026
2022-12-14,8.161623650420843,0.2102080374443758,-0.5777997523787235,-0.32372699281650075
2022-12-15,8.161283587131347,0.2096434514800096,-0.2721277966657283,-0.15226632577206434
2022-12-16,8.162045218895324,0.21163721976725372,0.9499746510584544,0.5214896235088899
2022-12-19,8.162020998629488,0.211733887668062,0.046257034131883756,0.01665021029215849
2022-12-20,8.161949398612277,0.2114345069247919,-0.14215875948052314,-0.08919169308676483
2022-12-21,8.161926974800727,0.20833705094419472,-1.4664680643611803,-0.8202917007092365
2022-12-22,8.161528178437475,0.20545398515068292,-1.364080452611475,-0.7642343174493144
2022-12-23,8.162253660199944,0.20577094732437823,0.1433280675597075,0.07141873226830493
2022-12-26,8.162581459363057,0.20545763389488833,-0.14392305723833942,-0.08837093189665918
2022-12-27,8.16236256552825,0.20555121112293176,0.045188271009422465,0.013873602286565857
2022-12-28,8.162335014008576,0.2054540315613238,-0.046643841960914756,-0.03703409479325085
2022-12-29,8.16182956604089,0.20716645959313174,0.8253149851461785,0.4474335941726386
2022-12-30,8.161731346931434,0.20751843320054864,0.17067089902937482,0.08491968056179218
2023-01-02,8.154748892647023,0.2142560204547705,3.341765970161731,1.8405315676615253
2023-01-03,8.155625778262364,0.2160329354180793,0.8908766435697117,0.47409449955615507
2023-01-04,8.159960055569105,0.21902201817953373,1.447247811577725,0.7785328640764028
2023-01-05,8.159994452191235,0.21887851298645722,-0.06985806273893047,-0.07445188843264286
2023-01-06,8.159907557647367,0.21849639691574232,-0.1845523651019363,-0.13448861098096235
2023-01-09,8.159887604204314,0.21852879811927864,0.01581798263951839,-0.019132693561603038
2023-01-10,8.160166082004874,0.21802112841614762,-0.2504457871825565,-0.16317507207049547
2023-01-11,8.165901883485647,0.212313193475396,-2.8779628972366282,-1.6431524973616591
2023-01-12,8.166082904402268,0.21284913783452705,0.27219240097558384,0.1278769354918205
2023-01-13,8.165510110001978,0.2160020737583871,1.6018133677261375,0.8800762962928766
2023-01-16,8.1661081152314,0.2175523727522752,0.7825849898087824,0.40964083114678773
2023-01-17,8.167094619897503,0.214510505982364,-1.5436939375859424,-0.9120501013149517
2023-01-18,8.16786622596217,0.21378273906376577,-0.3795369766747001,-0.24211637007571998
2023-01-19,8.168643499896085,0.21735166504204165,1.8481196912527906,1.0353075126637694
2023-01-20,8.17046213490738,0.22018831065990319,1.4523275303269685,0.8079007489155571
2023-01-23,8.17131958610989,0.2168671452242053,-1.7113770574266738,-1.008357980094539
2023-01-24,8.171900800723243,0.21774002022521316,0.4441562303232587,0.22734389954137732
2023-01-25,8.17209605423024,0.2170249703079324,-0.3649090696587791,-0.23660735186208076
2023-01-27,8.17468561761327,0.22062476208804102,1.8027535201662914,1.0036902219757378
2023-01-30,8.174449586064155,0.2201925022168667,-0.2145244872716603,-0.16730220692949307
2023-01-31,8.175641380147052,0.2236978199735856,1.7201332786961956,0.9476392475519653
2023-02-01,8.175965665349581,0.2286004457620722,2.4094023056230185,1.3367735575002224
2023-02-02,8.175471703730425,0.22609007966632655,-1.2390479739474216,-0.7766319308713002
2023-02-03,8.176959955192558,0.22927212415646267,1.5531038968372002,0.8365567711626987
2023-02-06,8.177379345985848,0.22967490613819,0.19263596806109717,0.057056210311401685
2023-02-07,8.17191403372754,0.22633104683809,-1.5411533984752168,-0.9479599794046369
2023-02-08,8.173633311256872,0.22274344951146274,-1.6696858727262764,-1.0164119287464466
2023-02-09,8.176821117628231,0.21835102429092854,-2.0796326110315704,-1.2508317436170866
2023-02-10,8.176821959574397,0.2183519288155753,0.0004231683891475768,-0.043775143301518944
2023-02-13,8.178212572862456,0.2207874186125052,1.1206427633454723,0.6107937801896933
2023-02-14,8.179426722573659,0.21868744765910178,-0.9757103338691309,-0.6137523982042707
2023-02-15,8.179492384232608,0.2210050175200175,1.074786265327191,0.5829970976933834
2023-02-16,8.179292833213948,0.2242459535775641,1.5028937716937776,0.8328201807743197
2023-02-17,8.18079306147097,0.22749828154406626,1.4969501103236809,0.8225878229349955
2023-02-20,8.181485111490813,0.2256849274516618,-0.8413680182804484,-0.5428416531862535
2023-02-21,8.182080485350003,0.2284632606286394,1.2809059991598417,0.6917744994497875
2023-02-22,8.181548873463694,0.2255300025325356,-1.3473537291170032,-0.8400603971663145
2023-02-23,8.18250950621008,0.22387534915830268,-0.7687794886599448,-0.4996407778839446
2023-02-24,8.193030008116356,0.22937418632459539,2.4592610374874653,1.3820310745407713
2023-02-27,8.190353969662562,0.22400907732537087,-2.4003237357344602,-1.4687434679787197
2023-02-28,8.191964611399811,0.22523840741003828,0.5424709900213003,0.25950383070839994
2023-03-01,8.196182521811894,0.22175052691674285,-1.561761818971135,-1.0098559421949518
2023-03-02,8.196083170131427,0.22074122891207543,-0.45237077519044533,-0.33660861539989917
2023-03-03,8.195058985862962,0.22254680611433483,0.8137816397347706,0.42709559887396087
2023-03-06,8.194802761951303,0.22109258800117462,-0.6519098059155652,-0.4539982311585374
2023-03-08,8.198159062483658,0.22605794261983478,2.191468630104879,1.257561395764223
2023-03-09,8.198007994503172,0.2295094452031542,1.5357573708885894,0.862806333470739
2023-03-10,8.198559746111982,0.23127013153652165,0.7795262001728958,0.40028468690180913
2023-03-13,8.198255958045179,0.23045714324063243,-0.3562435369822623,-0.29166507218961607
2023-03-14,8.198263031616955,0.22929258424814036,-0.5079931229520724,-0.3855183252058607
2023-03-15,8.19726962941609,0.2321815333617082,1.2633047258416354,0.7198903836783654
2023-03-16,8.205696248667516,0.23597996348710165,1.6012097619881729,0.9266041822164466
2023-03-17,8.207509142248309,0.2342278846787695,-0.7513915522150114,-0.5356379827427186
2023-03-20,8.20782868323405,0.23452412971909767,0.12451538496007686,0.008383920079275882
2023-03-21,8.208017987891468,0.23357025418723018,-0.3999352832046128,-0.3155288631255663
2023-03-22,8.209076222716314,0.23130921612687866,-0.9522941940474396,-0.6526788594392626
2023-03-23,8.211239343852665,0.2281101187296036,-1.3621083180389917,-0.912584869114826
2023-03-24,8.210264176830563,0.2271934925034521,-0.3840531169055481,-0.3023164109352314
2023-03-27,8.210298261656012,0.22672914846688527,-0.19376021825038947,-0.18333598649517607
2023-03-28,8.21067427510705,0.2255652539438561,-0.4866087649599109,-0.36739651111678223
2023-03-29,8.211280967577846,0.22466830893819179,-0.37853436732144985,-0.30217783286327865
2023-03-31,8.21223522353524,0.22330524254410142,-0.5813058162695199,-0.4321066343114936
2023-04-03,8.212350664420939,0.22378090807662787,0.20167922379799563,0.05737274139381667
2023-04-05,8.212274637869333,0.22506912984352126,0.5449132367878065,0.28121729747384344
2023-04-06,8.212687085762417,0.2230423832873926,-0.8587059340681549,-0.6048803876582542
2023-04-10,8.213963507152835,0.2210513646877833,-0.8532017866979515,-0.5961238834915236
2023-04-11,8.212431045509119,0.22344527327073838,1.0384042956418398,0.6254462892337026
2023-04-12,8.212422437992076,0.22363895377534276,0.08416341658390536,0.007284064954508273
2023-04-13,8.213449532123988,0.22122939876883868,-1.0529020329312146,-0.7244507749610938
2023-04-17,8.21612570270449,0.21711250700718615,-1.8240387886547609,-1.2207823598188363
2023-04-18,8.216314177410062,0.21647661786663178,-0.2853044425506823,-0.21592536781256544
2023-04-19,8.216270534637259,0.21676398681661002,0.12899880164184196,0.05370909431663949
2023-04-20,8.216656190443727,0.2180990740739827,0.5944638446570281,0.3671530260405964
2023-04-21,8.21652197647526,0.2179147853254558,-0.08072582665897698,-0.07796067472047419
2023-04-24,8.217435473677627,0.21599902850319322,-0.8442478856189695,-0.574222916151462
2023-04-25,8.217414208390057,0.21610093599546873,0.04510742232947962,0.012081779870834624
2023-04-26,8.218345898268636,0.2181032000387969,0.8762499148386667,0.5541655406998652
2023-04-27,8.218958600891654,0.21697213160809392,-0.49998643694911493,-0.35511108316281353
2023-04-28,8.2199554721913,0.21501805386538553,-0.8721996564385961,-0.5951042788533665
2023-05-02,8.219908646948161,0.21506927149827582,0.02331883699345383,-0.0016346317609290029
2023-05-03,8.220081068749945,0.21563640223258165,0.2563664353453703,0.15699898335015655
2023-05-04,8.219734564229837,0.21692776661506863,0.5858362677621898,0.3801266377027474
2023-05-05,8.220164129750968,0.217353291489223,0.1889096886595638,0.12073512567310139
2023-05-08,8.223177721119155,0.21411849791994195,-1.4598689690322715,-0.978925121416312
2023-05-09,8.223987956298222,0.21619867707150903,0.9358041784000619,0.6396696575909471
2023-05-10,8.224475191184888,0.2175103511493322,0.5852769619249187,0.40917072936620114
2023-05-11,8.233860381404876,0.22376102565519862,2.701571923004124,1.8415534196705199
2023-05-12,8.241827112431286,0.22840692527490347,1.9756129779472644,1.375214251867164
2023-05-15,8.242208822375305,0.22764622184649483,-0.32790782718254263,-0.2135085183423733
2023-05-16,8.242538467361296,0.2260451628880873,-0.6908706579798434,-0.4752412484073821
2023-05-17,8.242220257177713,0.22536774378705587,-0.2893639153864882,-0.19605043687463283
2023-05-18,8.242039461363419,0.22420139937705405,-0.49509726560268064,-0.3395863675364096
2023-05-19,8.24205913616892,0.22279648152963685,-0.5951230942470005,-0.4034900687494207
2023-05-22,8.242040417419018,0.2229908929607286,0.08235731560991155,0.070923403056274
2023-05-23,8.242045057955293,0.2229736386263022,-0.00732803732130094,0.005543162849861277
2023-05-24,8.242343635636763,0.2238569491135004,0.37199167816719125,0.26442071630568814
2023-05-25,8.242540244712746,0.22451834406456356,0.27629184695621234,0.19282366226847863
2023-05-26,8.243859334654182,0.2231135418886531,-0.5958925903982788,-0.41788791287069843
2023-05-29,8.24310051702809,0.22424116017204807,0.4847828375080212,0.3499079001148757
2023-05-30,8.243436321528167,0.2247546623087339,0.21788585054282805,0.1403935817561346
2023-05-31,8.244251309333265,0.22580282923495115,0.4369044749924029,0.30894154000668606
2023-06-01,8.244249703964151,0.2259432188153989,0.05836916786785196,0.022614471745301394
2023-06-02,8.248641604783868,0.22293007709206292,-1.2865717807036106,-1.0238360964867304
2023-06-05,8.248820212304603,0.2263830200799804,1.4805358622668052,1.1256939865250468
2023-06-06,8.249418954884815,0.22781050860391305,0.6094422624137792,0.44231350287842164
2023-06-07,8.248214636501013,0.22959655895919992,0.7712170751162404,0.580624175135378
2023-06-08,8.248859443491707,0.23119915792410933,0.6869883557307901,0.5231708045902456
2023-06-09,8.247793822444129,0.22806538731694012,-1.332621729218559,-1.0712692926517997
2023-06-12,8.247753186888874,0.22832065455056555,0.10914186132799841,0.0701407712948888
2023-06-13,8.247214873210183,0.22949459686438825,0.5054812057433224,0.38299063508059517
2023-06-14,8.2457965612094,0.23331797550648914,1.6576777662920108,1.2957815791317167
2023-06-15,8.245995751019322,0.23441461825230223,0.47661494050021247,0.35435605930053493
2023-06-16,8.246338124211489,0.23347326910006583,-0.41125522522369806,-0.3507746529292169
2023-06-19,8.246341976951886,0.23353419370703896,0.026555773999632493,0.002928550742411743
2023-06-20,8.246641705992168,0.23238851350141695,-0.5010133036124529,-0.4125660168321704
2023-06-21,8.24927738460946,0.23582569381623214,1.4790967056209041,1.1881593055609445
2023-06-22,8.249567396706263,0.2382229022736114,1.0320387267350668,0.822419073014789
2023-06-23,8.253229262384824,0.24132368781966884,1.3056587648599276,1.0412595555376278
2023-06-26,8.25481174825673,0.2385821271143373,-1.1679622132854774,-0.9529191886698153
2023-06-27,8.254739808852525,0.23880068146152808,0.093913507991644,0.05762062825315306
2023-06-28,8.254623445651431,0.23925775806262983,0.19702299522475641,0.14120087923261626
2023-06-30,8.25457286983432,0.2398699052771466,0.26387598957943226,0.19485326218804389
2023-07-03,8.254615622443444,0.23977631356037374,-0.040646291395788126,-0.051782067932215625
2023-07-04,8.254665211816514,0.23814652328103375,-0.7074246209465542,-0.5907988889243734
2023-07-05,8.256134033508143,0.24164242830940694,1.5041386001320944,1.1934872306606645
2023-07-06,8.257593846979711,0.23845049502212576,-1.3908641176948606,-1.1527431009018076
2023-07-07,8.257438156299274,0.23799415742700217,-0.19822375726970165,-0.18606369135905385
2023-07-10,8.254898309382162,0.243329424502978,2.3334135686095436,1.8458443038406345
2023-07-11,8.255369030524108,0.244957622873545,0.7173088974250561,0.538909675414698
2023-07-12,8.255370390570786,0.24395588665490767,-0.4403164837305411,-0.396993124940168
2023-07-13,8.260423448360527,0.23868983538715452,-2.3553684172628664,-1.9209559847333304
2023-07-14,8.261971382388285,0.23726451563585943,-0.6601365863846098,-0.55999576725022
2023-07-17,8.26189410787681,0.23834987190206858,0.5028926506287519,0.36930127524880985
2023-07-18,8.261667653734913,0.2373358234016822,-0.4667762457312392,-0.40169340131366593
2023-07-19,8.263050186058786,0.24020527170200479,1.3048116392639173,1.032154679678377
2023-07-20,8.26314816330453,0.23966570255602748,-0.24653930476324604,-0.2222309213576347
2023-07-21,8.264968868846864,0.24257348409083937,1.3087038126428467,1.030721177159036
2023-07-24,8.264725933233906,0.24119880616752026,-0.6171202185841622,-0.5347294654039759
2023-07-25,8.265839653285113,0.24042853978471737,-0.3556737571254871,-0.32897081522039917
2023-07-26,8.265796669893284,0.24209808853005466,0.7711786745272065,0.5938417562777173
2023-07-27,8.266094865259863,0.24063683255542817,-0.6773874169105341,-0.5874240472072818
2023-07-28,8.26607080075455,0.2421733074023714,0.7118840694827213,0.5450388007389042
2023-07-31,8.266385917425369,0.24183066566424383,-0.16183752221634506,-0.1734150509743297
2023-08-01,8.26649077208082,0.24116654137216956,-0.3145499367444273,-0.29480158786435173
2023-08-02,8.263401748705652,0.2372656550092528,-1.8131019295348665,-1.5112956829059574
2023-08-03,8.263253693116742,0.23616911716091668,-0.5105702043945968,-0.44706495758779685
2023-08-04,8.263326966934152,0.23592630375724757,-0.11357614163949847,-0.11342110600226292
2023-08-07,8.26603439546529,0.23177979334591908,-1.9647177716404656,-1.635149635594609
2023-08-08,8.268714277518937,0.2350794310250403,1.5479598331326514,1.267563854694731
2023-08-09,8.27152727128198,0.23253653709679908,-1.2245288013947118,-1.0224759135514905
2023-08-10,8.271553356795144,0.23201978953457533,-0.24962293308892924,-0.21313527747878785
2023-08-11,8.27343694199869,0.2356773711377459,1.7429289519904785,1.422462827562263
2023-08-14,8.2734924783025,0.23575177545500442,0.035028982854171886,0.019929308971695266
2023-08-16,8.272593840518574,0.23402218323190074,-0.8024091966310465,-0.6835761993647341
2023-08-17,8.2727844638217,0.2329467207435272,-0.5000528505545248,-0.4414432787826468
2023-08-18,8.275232621244534,0.2364398046292144,1.597891482014802,1.3144369193516505
2023-08-21,8.277303401250789,0.2339186679142668,-1.1766769488177573,-1.007243428345871
2023-08-22,8.277215240272726,0.23465038558302143,0.34288562891954655,0.2858159792831475
2023-08-23,8.279418832735518,0.23220582828883327,-1.1658165476957691,-1.0097938302548963
2023-08-24,8.279685168062109,0.23297163234334434,0.3631090242632098,0.29926496731477653
2023-08-25,8.279949740737342,0.23344105822354855,0.2193298455560324,0.1753860013497782
2023-08-28,8.281098482554237,0.23675727185493575,1.5336537551692544,1.2969865336561663
2023-08-29,8.281676969025275,0.2360389682259138,-0.338958428534184,-0.31850333380193757
2023-08-30,8.281225492747975,0.2408315866962795,2.263381353084597,1.9062028729492178
2023-08-31,8.281154548904375,0.24110806055224332,0.13253229244519105,0.07177396899598447
2023-09-01,8.279432404812189,0.24272859444157613,0.793407656116841,0.6357086524431088
2023-09-04,8.276655424556877,0.245378833461669,1.3298445648419204,1.0894337601333977
2023-09-05,8.276653958057251,0.24566681889620515,0.14487582244989028,0.07580670605309474
2023-09-06,8.27656170491818,0.2455110251848145,-0.07712432371411637,-0.1089566239236376
2023-09-07,8.277232372199887,0.24808366918625432,1.2624475371402184,1.0482707618782656
2023-09-08,8.277344196045346,0.24640785251940317,-0.8244151879506347,-0.7619724809004221
2023-09-11,8.278090550333168,0.24526103647126657,-0.5723859697480691,-0.5381976074204332
2023-09-12,8.277716390263812,0.24452062447601997,-0.36496874821455094,-0.36179367146892333
2023-09-13,8.278340181648643,0.24290053422632474,-0.8039717133963507,-0.7380877088197187
2023-09-14,8.281112528990956,0.240217328698848,-1.3649669311318178,-1.2250564447356542
2023-09-15,8.281127324580533,0.24095979953630547,0.3786438755039683,0.29271689204736506
2023-09-18,8.283660579114757,0.24385586231210424,1.443859422337482,1.2097150207673089
2023-09-20,8.283141462605604,0.2428206416988511,-0.5108187318125061,-0.4873892528512537
2023-09-21,8.283257095535244,0.24119831243128217,-0.8001088918464916,-0.7323866743477822
2023-09-22,8.283164982762365,0.23942824794120804,-0.8714678815750716,-0.7879679062463856
2023-09-25,8.287492565920402,0.2452832158769609,2.833039542936291,2.4200599720179357
2023-09-26,8.2872070085504,0.24738087258722355,1.032566589383947,0.8504515517350291
2023-09-27,8.288024115441333,0.24434016392285815,-1.5042554627943474,-1.3412533743418718
2023-09-28,8.28875351256138,0.24552758787759205,0.5807948761254238,0.46077198172533634
2023-09-29,8.304201070589283,0.23726727990879581,-4.2081505358546,-3.648703221388423
2023-10-03,8.307272752784433,0.24095199258477473,1.9053744987921277,1.6248126936074103
2023-10-04,8.30633675848289,0.2392460248883576,-0.8718235519959165,-0.7741513854364734
2023-10-05,8.3066199143622,0.2403345542069447,0.5513964613669486,0.4559763073132618
2023-10-06,8.306573422995225,0.24069379604736635,0.18186626067385703,0.1333552757566895
2023-10-09,8.306057298674046,0.23813700520305364,-1.284169789500325,-1.1430719660386057
2023-10-10,8.307989547691554,0.23567180396225063,-1.2593958201126156,-1.1125866397070947
2023-10-11,8.308655750145599,0.23337095092405494,-1.183049033503238,-1.0404680309058971
2023-10-12,8.308580313692387,0.23475123570039083,0.7100981657438865,0.5932575001425535
2023-10-13,8.308642584242497,0.23497966475612195,0.11650840406198881,0.0760248998010016
2023-10-16,8.308205406384783,0.23738275670201114,1.2265752707756405,1.0383437083598606
2023-10-17,8.308168376115473,0.23785399305466504,0.2409542557679032,0.18086513732249543
2023-10-18,8.308214125074665,0.23699974636732193,-0.43601292342708575,-0.4084147582855622
2023-10-19,8.308296548289944,0.23722214818611967,0.11227794864655039,0.06512974273610449
2023-10-20,8.307197186733422,0.23550653110420092,-0.8510514311581403,-0.7669955377875364
2023-10-23,8.308418363210764,0.2364979119012224,0.47790766140114727,0.3935478852796222
2023-10-25,8.308258291710892,0.23706174398378707,0.2724933894581909,0.21358726380842338
2023-10-26,8.308030481312551,0.23641741375686365,-0.3083109830446631,-0.29145125839146707
2023-10-27,8.308043638228742,0.23662522707726924,0.09902244022516982,0.06254817530766023
2023-10-30,8.30810550033988,0.23488062119212574,-0.829769549453502,-0.7452742816654664
2023-10-31,8.308634939891384,0.23260393537060123,-1.0873810853102839,-0.9628039782443292
2023-11-01,8.310224677853512,0.22667519821677726,-2.8495203622334344,-2.4592854508813584
2023-11-02,8.312565239190551,0.22410466283751743,-1.2795444305924661,-1.1031239502103163
2023-11-03,8.312840488596402,0.22196926689189111,-1.0662402169662357,-0.9187051539423847
2023-11-06,8.312371256111241,0.22289599111037295,0.46778756471643135,0.3941106419527721
2023-11-07,8.312502273541536,0.2222933003781323,-0.30514138181612793,-0.27690136392472137
2023-11-08,8.313205823385758,0.2196181088297427,-1.3597215817754602,-1.1888266127781328
2023-11-09,8.31383801417219,0.22215446156170843,1.2834466409568535,1.1104850983000856
2023-11-10,8.314399269488469,0.2244272334646725,1.1438818575587675,0.9811137851464641
2023-11-13,8.31474213502812,0.22364045252078632,-0.3998524535903982,-0.3648956753530909
2023-11-15,8.317280722632754,0.22162988706116968,-1.0513326174902602,-0.9352627818839788
2023-11-16,8.317303442847196,0.22318281164736112,0.8123993709338464,0.718829391266807
2023-11-17,8.319021054305837,0.2269775939946469,1.9612572941989015,1.7227430910997716
2023-11-20,8.31895523018177,0.2257850625467729,-0.6182857459859861,-0.5922833159774217
2023-11-21,8.319373406970179,0.225135870179465,-0.3411691330775142,-0.34109156243319605
2023-11-22,8.320425847349897,0.2276508335720784,1.3061806896331518,1.1575292617846862
2023-11-23,8.320379419289544,0.22814245381650333,0.25604849758376247,0.20168314556384084
2023-11-24,8.321912884724915,0.22428701017641714,-2.0232717555914803,-1.858115444264638
2023-11-28,8.322862641579183,0.22249719390348405,-0.9570284469153165,-0.8852622775909937
2023-11-29,8.322753214650442,0.22325931565461193,0.40872805696365333,0.35350745851168913
2023-11-30,8.322870012850714,0.22430833668670017,0.5599442844111877,0.4875421543480003
2023-12-01,8.322573862235032,0.22748050772053752,1.6943258770548937,1.5014373865673858
2023-12-04,8.322430661413092,0.2285461378327247,0.5728262469375522,0.48613331448227703
2023-12-05,8.322380816722506,0.22907731248127078,0.28571822127560154,0.2286734497235444
2023-12-06,8.322459350316661,0.22855947047432976,-0.27910153103761104,-0.28007047936865564
2023-12-07,8.322279649413654,0.22815336437897193,-0.2160501808370583,-0.22902273175527632
2023-12-08,8.323120277013327,0.2248898124237708,-1.7437092033932515,-1.600315596891165
2023-12-11,8.323044891096467,0.225430170096546,0.2908212826259131,0.24244803964682207
2023-12-12,8.32367705186261,0.22346676355933545,-1.0635200993258849,-0.9817965712076989
2023-12-13,8.323669333348946,0.22348912976984933,0.012229563384465791,-0.009515841860690476
2023-12-14,8.325575888333917,0.22045250194767996,-1.685903527703914,-1.5362083232516122
2023-12-15,8.323926908691975,0.22242380934592246,1.123691543782087,0.9890932656148437
2023-12-18,8.325610785084915,0.21927378338929168,-1.8241119404950155,-1.6506991860906808
2023-12-19,8.325508643895647,0.21775901104937126,-0.8787140183927988,-0.7965079079310176
2023-12-20,8.322390427204498,0.21445203540153243,-1.8674883008286258,-1.6673762996312265
2023-12-21,8.322816356461475,0.2134367771534832,-0.581552941181485,-0.5187277349566034
2023-12-22,8.323592698993862,0.21245634416307232,-0.5734556771544987,-0.51022114261054
2023-12-26,8.323957163418001,0.21176045845578895,-0.41288784933425404,-0.3624567489624416
2023-12-27,8.331276418791482,0.20611054466864162,-3.4814193516459966,-3.0354422827383294
2023-12-28,8.331965842620448,0.20457876213070483,-0.9713714251229817,-0.8293787746586598
2023-12-29,8.331881200362009,0.20652589721073727,1.234660502823175,1.0948234131691765
2024-01-01,8.332272486981335,0.2084300452532,1.1996565681820073,1.0558194758031003
2024-01-02,8.332985749730538,0.2059983790409847,-1.5453108880124375,-1.341681604359109
2024-01-03,8.334331245871233,0.20719121131048135,0.7336104609883023,0.646929134427081
2024-01-04,8.334184696042835,0.20637518061582094,-0.4982087447421577,-0.42698830143325184
2024-01-05,8.33421997430425,0.20656625869164047,0.11581118676285485,0.10858001117488429
2024-01-08,8.334490922034686,0.20712118229009302,0.3309063302298938,0.2983634592072634
2024-01-09,8.334855626479316,0.210395869499194,1.942347529411279,1.690802110315976
2024-01-10,8.334973193324725,0.2098278203879933,-0.3400682924425098,-0.2845869464358908
2024-01-11,8.335332197965288,0.212170361691359,1.3934089111644,1.243553400522418
2024-01-12,8.335598859503156,0.21112654396192743,-0.6258940456551443,-0.5322238614297182
2024-01-15,8.336316605819961,0.21303840782338737,1.1324923546302728,1.0171243871978448
2024-01-16,8.335809906990098,0.2151652868359928,1.2680368477057016,1.1288658732007786
2024-01-17,8.333657407958409,0.21307113521766413,-1.2134826499586921,-1.049925274397049
2024-01-18,8.33392788983366,0.2138543511466321,0.4492888862734219,0.408660760284138
2024-01-19,8.333434202126902,0.21850288168521534,2.6688457398659438,2.34321409096643
2024-01-23,8.332674192487435,0.21766114590910252,-0.47606791070560917,-0.42161693428124075
2024-01-24,8.333311773199767,0.21716343652210277,-0.29061023179542644,-0.2528160398404441
2024-01-25,8.3338301891418,0.21410105146102296,-1.7941162959033363,-1.5654427729425837
2024-01-29,8.333758445232213,0.21574918533977674,0.9693376874107287,0.8586180864065814
2024-01-30,8.33382366458858,0.2148501474233974,-0.5292992352198667,-0.46194323268736986
2024-01-31,8.334686279395939,0.21322667287831085,-0.9687264781687759,-0.842720683794479
2024-02-01,8.335071719587594,0.21417977508520528,0.5619784000794539,0.5163798290303524
2024-02-02,8.333863757872965,0.21613303135235346,1.1702668680388228,1.0484713398062402
2024-02-05,8.334828678608794,0.22207460549939187,3.544559078849659,3.089705653405303
2024-02-06,8.334007695169367,0.22537919239528995,2.016164339663959,1.7375312400799383
2024-02-07,8.335081381872708,0.22252278329834138,-1.7654168591238317,-1.5309585310229656
2024-02-08,8.337113031013157,0.2180536364829464,-2.802894040660533,-2.3944212180464963
2024-02-09,8.336927770468387,0.21765082463132326,-0.2511459602009438,-0.1999940604761342
2024-02-12,8.335515335562322,0.21463253294563184,-1.8504451456432207,-1.5691766777076177
2024-02-13,8.454782724366057,0.24296860135837794,15.645041152939683,10.280809001248176
2024-02-14,8.457922297818367,0.2495030662602487,5.0191565968679015,3.2133699617890215
2024-02-15,8.457842492151977,0.2500723126181379,0.4108546270752811,0.23584185221563195
2024-02-16,8.457715402649205,0.2508625655457459,0.5592042840525266,0.32690048262002797
2024-02-19,8.457832296172215,0.2518132032990815,0.6637039967502005,0.3893886159858056
2024-02-20,8.457780604982453,0.25108081581724934,-0.5052550412217158,-0.3741703834285501
2024-02-21,8.457819504710587,0.25480923991415433,2.5451117359109503,1.596598255292226
2024-02-22,8.457666704886309,0.25513838957751206,0.22571320825520047,0.09695747797091106
2024-02-23,8.457678387192713,0.2556261007730943,0.33066125302761407,0.16176356533308095
2024-02-26,8.458477615516896,0.2567644890044282,0.7547974385498435,0.4379374416824198
2024-02-27,8.458424337280965,0.2575332338147182,0.5054122551038347,0.27908089145430287
2024-02-28,8.457660403724423,0.25467837547128036,-1.851487840919816,-1.2426317590620541
2024-02-29,8.457631873902017,0.25437505410560346,-0.19531094702091423,-0.16931749129939327
2024-03-01,8.451707898221652,0.26185845884468156,4.843539324477405,3.040511359354036
2024-03-04,8.44991351987155,0.2656458895361756,2.520451747657006,1.54324312178212
2024-03-05,8.449920864184952,0.2658119853779516,0.10967848923789347,0.007224060515515516
2024-03-06,8.450461124153884,0.2635450334821261,-1.487931894530675,-1.0023934735920135
2024-03-07,8.448351603723589,0.26743615106849394,2.566527855715691,1.5727984818075307
2024-03-11,8.44819191296223,0.26387936635380665,-2.3408538652547293,-1.5449595895088966
2024-03-12,8.448137276217643,0.2636651408664895,-0.13979403157406978,-0.150496872317327
2024-03-13,8.442628551315561,0.2592390881453354,-2.7928416813819013,-1.821994577468755
2024-03-14,8.449951583610837,0.24927053397444568,-6.391744570938727,-3.9527063336183303
2024-03-15,8.45285828375735,0.24370907003072678,-3.745394802315303,-2.2997160552110203
2024-03-18,8.452428205064459,0.25437638149483804,7.175200959978866,4.172860576476533
2024-03-19,8.452419702981821,0.25444063695746943,0.04525035648299536,-0.008837305584243607
2024-03-20,8.451869101306261,0.2522537378725771,-1.5014183872144997,-0.911545784287209
2024-03-21,8.451163989118001,0.25363623482819236,0.9507213808620634,0.5248072427941575
2024-03-22,8.451287898461525,0.25338651938935575,-0.17196326598934775,-0.13482930210795488
2024-03-26,8.453225405288089,0.25021965516453404,-2.1885162470684634,-1.307211416704017
2024-03-27,8.45321512937111,0.2503504278905721,0.09017537219625638,0.030566490055743616
2024-03-28,8.45274376721736,0.2538437895498319,2.39315895218661,1.3693575162240037
2024-04-01,8.449573913856485,0.26161714264308605,5.362367733219628,3.0353180947652048
2024-04-02,8.449090452828601,0.2641171053448644,1.7682548208095739,0.9668738628848788
2024-04-03,8.449874806324004,0.2612683307892692,-2.0064456802520567,-1.189879723059587
2024-04-04,8.450009341455473,0.2599559478214055,-0.9219561255887925,-0.5715383092304775
2024-04-05,8.45083701459122,0.2624916012979342,1.7542320364132138,0.9524031449746881
2024-04-08,8.450715382784447,0.262996826378352,0.3498743960804802,0.1494291608349812
2024-04-09,8.452509747305315,0.2597878679364403,-2.234517554288516,-1.3177262206479277
2024-04-10,8.45749691386494,0.2527328825172185,-4.987331209563877,-2.827825390677084
2024-04-12,8.457375752197885,0.2510880410826059,-1.1800047677945997,-0.6941352309152998
2024-04-15,8.46222031487484,0.24244415682253254,-6.228537155451278,-3.42172926508174
2024-04-16,8.46214386614849,0.24129562172234845,-0.8507803179609823,-0.4807291847556974
2024-04-18,8.462358969670928,0.23979487296085963,-1.1012597502217716,-0.6168171228348683
2024-04-19,8.462177368657049,0.2415854433058014,1.3084711646592382,0.6937830211530248
2024-04-22,8.462388087109124,0.2403196324267856,-0.9234814748944018,-0.519958511754983
2024-04-23,8.462653183082372,0.2414024080817854,0.7797648855299428,0.40790184618521613
2024-04-24,8.464449604399363,0.23942607582847988,-1.4497386678895055,-0.8070421829011933
2024-04-25,8.464941159953701,0.23850808803700901,-0.6798658217073239,-0.39045247385654763
2024-04-26,8.46550546057752,0.23512211486173976,-2.502862598164427,-1.3761471556857396
2024-04-29,8.465437610519995,0.23650774820939555,1.0252195140496951,0.541326303480884
2024-04-30,8.46519826356157,0.23535398122014356,-0.8438035780289397,-0.4718437847244882
2024-05-02,8.465749157468332,0.23925406424693466,2.826721393029743,1.5105118436755622
2024-05-03,8.46623168973111,0.23680125150137216,-1.7916914629159066,-0.9854122243004368
2024-05-06,8.467366134264815,0.2406370775160881,2.768225703750261,1.466493518714062
2024-05-07,8.469095766470641,0.24283863839272396,1.557400492604586,0.8128036959529498
2024-05-08,8.469849345357826,0.2410787435323408,-1.255796257900215,-0.6972783720280485
2024-05-09,8.469273266010962,0.2399699917497253,-0.7761845986568119,-0.43991307895757975
2024-05-10,8.469602741357383,0.23821266812962885,-1.2310237628501568,-0.680936504923269
2024-05-13,8.469829987270597,0.23754413304385613,-0.4710593473962206,-0.2714975073311966
2024-05-14,8.471449778333147,0.23462073022633867,-2.0828580768673532,-1.1280461012502505
2024-05-15,8.472010890964361,0.23291162973618543,-1.228532226763491,-0.6670949049317397
2024-05-16,8.472004445961659,0.23324877003752625,0.24153470048347003,0.11573454939539349
2024-05-17,8.471899431854808,0.23454910500910253,0.9296017880632235,0.48423060252612005
2024-05-21,8.475685103465413,0.23181310876624223,-2.038455307566011,-1.0972302721876117
2024-05-22,8.47593042667812,0.23302514334647328,0.8958335424966037,0.47625033843733494
2024-05-23,8.477545322054477,0.2384621745312732,3.9666074481579017,2.1047362498738145
2024-05-24,8.477661416003214,0.23920564570134295,0.5457640966868667,0.2804949896008423
2024-05-27,8.47774571117703,0.23864440349058635,-0.4118880098085924,-0.23025538485216848
2024-05-28,8.478009037560676,0.23670497601264237,-1.4238733840810482,-0.7661559374567758
2024-05-29,8.485093535757988,0.22827890679852764,-6.349961620095371,-3.301428579555625
2024-05-30,8.48219725479177,0.21804947851919312,-7.878875262698358,-3.9533025639773114
2024-05-31,8.48314308371313,0.2221941851460153,3.3129463372114003,1.6724422241985646
2024-06-03,8.481833219452705,0.2294356232714797,5.797577905504113,2.858456460768811
2024-06-04,8.475258465818039,0.22532557127924763,-3.2103250151712928,-1.5677878768944293
2024-06-05,8.476863999136036,0.22405654256051097,-1.0273972159352809,-0.4940728359363356
2024-06-06,8.479982205502365,0.23224223107500364,6.497489340556143,3.1201437092154136
2024-06-07,8.479695127316381,0.2407351528547825,6.928659082644714,3.24493945603209
2024-06-10,8.480217655531051,0.24493300155043018,3.4956384444269304,1.6146587000191377
2024-06-11,8.480634932724696,0.24798898473848807,2.522768874787147,1.1523090042778628
2024-06-12,8.480630995981555,0.24935464236399185,1.1219921343450778,0.4959768621758894
2024-06-13,8.480934279093422,0.24795980753527996,-1.1439589588569277,-0.5619804592552008
2024-06-14,8.480990738674237,0.24752950752103042,-0.3516944515758098,-0.18890116881310703
2024-06-18,8.480853671561226,0.24651331916453376,-0.8209874951754728,-0.40541936796057704
2024-06-19,8.482874590534175,0.250039025369857,2.784620237601473,1.2711868229747132
2024-06-20,8.483268076209182,0.24898926264793875,-0.837669020868475,-0.41280201059343574
2024-06-21,8.483620464800088,0.24789842264193657,-0.8719488166087785,-0.4298114593080169
2024-06-24,8.483829860210305,0.2450660286072376,-2.253675672117481,-1.0666579521681858
2024-06-25,8.483889853520914,0.24175766385398909,-2.626600709418881,-1.2305760657908194
2024-06-26,8.483494314620344,0.24066149301374412,-0.859849771946017,-0.4075605803686598
2024-06-27,8.483899680013515,0.23929873491912587,-1.0720009204670475,-0.5028920140652219
2024-06-28,8.484796342447988,0.23643999805359922,-2.257720482329347,-1.0469536780574689
2024-07-01,8.484860172795068,0.23722959016194997,0.6205488183529724,0.2834032765461956
2024-07-02,8.48497520813277,0.2364584345741488,-0.6052799787832441,-0.2833709672952553
2024-07-03,8.485240417353237,0.23958666148708335,2.435266330879699,1.1193655224488417
2024-07-04,8.485241552962806,0.23981017899983997,0.17389489793399093,0.07673266369019062
2024-07-05,8.486239337169836,0.23563916192700324,-3.2507052700786403,-1.4913830513524728
2024-07-08,8.486127628029944,0.23270123413775204,-2.2943560252809334,-1.0474624033392932
2024-07-09,8.487318325758697,0.22890095273187966,-2.9924338509250674,-1.3575720355473375
2024-07-10,8.486794428419632,0.22764252986431374,-0.979155379292223,-0.43360449017397534
2024-07-11,8.486786443195404,0.2278063129187029,0.1270328979771591,0.07287796042663373
2024-07-12,8.486920328353136,0.2287765880719888,0.745361469707774,0.3543385439097551
2024-07-15,8.488105332541917,0.22408080338160366,-3.6214073825232447,-1.6298996636278222
2024-07-16,8.488849153732774,0.226659372652019,1.9823306220224026,0.9193199486329501
2024-07-18,8.488826297665554,0.22629312076428154,-0.2803232079703264,-0.11196556122229949
2024-07-19,8.485686795950313,0.22303829968191252,-2.4054065172811363,-1.0728434517042584
2024-07-22,8.48563430786554,0.22326941225880767,0.17223439402704344,0.10192978653914586
2024-07-23,8.489208416725573,0.22859778255936794,3.868910629333527,1.768256407678347
2024-07-24,8.489439360758828,0.2301596548934523,1.1404043573764113,0.5306129977532494
2024-07-25,8.4889790303956,0.22798363918194012,-1.5705571659599968,-0.6976504781625761
2024-07-26,8.48885121069393,0.22815203288303132,0.1240429753082708,0.06825754438798144
2024-07-29,8.48881552406754,0.22882656735105011,0.49480397505206497,0.2361774394155263
2024-07-30,8.489664514993994,0.23249230723377276,2.657758997291438,1.206658491909279
2024-07-31,8.489915672536478,0.23168828253010895,-0.5900080952699227,-0.2567256231395264
2024-08-01,8.490656856746572,0.2273712051213889,-3.1690212108918843,-1.4111687398110182
2024-08-02,8.491559289724645,0.22832298138766272,0.6822081711856356,0.323359554778784
2024-08-05,8.490406691956832,0.22754800548832388,-0.52987902747563,-0.22258740849527828
2024-08-06,8.491072590830994,0.22951579473791459,1.3281979737808172,0.6106658924384766
2024-08-07,8.490630279719836,0.23034329477919502,0.5657157442127243,0.26795964058103183
2024-08-08,8.489962273489525,0.22849062671954554,-1.2476214540961905,-0.546853131736846
2024-08-09,8.490995474090635,0.22639153889727928,-1.4302346441697296,-0.6248280102188848
2024-08-12,8.491609763525581,0.22444037974637213,-1.338560149075164,-0.5811231123329722
2024-08-13,8.490947144804311,0.2222925261378469,-1.4563619374897314,-0.6315287943951112
2024-08-14,8.490835632979401,0.21816730580542196,-2.790024534564367,-1.2263672025540802
2024-08-16,8.490622570268522,0.2185704389130561,0.27815424013382994,0.14725556107194743
2024-08-19,8.492056894603962,0.21716523702869298,-0.9959751238315278,-0.4220558680553934
2024-08-20,8.494704496099898,0.21281163671329534,-3.1366422185855924,-1.3758090495382629
2024-08-21,8.498052049539357,0.2061886998724975,-4.878286189957976,-2.1256154123182696
2024-08-22,8.497966506667943,0.20859552054420408,1.8056444583762072,0.8317839089629074
2024-08-23,8.497972436620044,0.2090230212426014,0.3195536228019762,0.17246197625510937
2024-08-26,8.502734851463458,0.20373773984767876,-4.056036335163213,-1.7470708397934618
2024-08-27,8.502838115308112,0.20423911354201482,0.3857394836936976,0.21031664349547213
2024-08-28,8.50288969425487,0.20260015341452428,-1.2559901486078786,-0.5123673108373488
2024-08-29,8.502908148178465,0.20272226716510205,0.09285696597032711,0.0809529424158795
2024-08-30,8.502915181281388,0.20223623178601366,-0.3683541631066589,-0.11897465378068466
2024-09-02,8.505858671661548,0.20708858989595455,3.5906426164027607,1.6114365716009726
2024-09-03,8.506047648701447,0.2079091276695439,0.6078487654412754,0.30138036430586923
2024-09-04,8.507071619329453,0.2101169136763458,1.6041423677978912,0.7334608046831441
2024-09-05,8.507070359603423,0.21013388088267052,0.01234269726603543,0.03572590187981933
2024-09-06,8.507085283314986,0.2102820430978783,0.10698641422297328,0.07744762542254617
2024-09-09,8.507124444711929,0.2103994079876113,0.08354086822882323,0.06975393357649932
2024-09-10,8.507127143687603,0.21006042607141817,-0.24051578558055553,-0.0727398221362568
2024-09-11,8.507938958100757,0.2118121600783289,1.2205719421307606,0.5716105221400728
2024-09-12,8.511461163809779,0.20846273030150322,-2.4106348715796173,-1.0189751262223057
2024-09-13,8.511574309859107,0.2114551179040214,2.1548412705299427,0.9809686777138571
2024-09-16,8.512539199415151,0.2092122044990996,-1.639626465674894,-0.676554532306817
2024-09-17,8.512470688948257,0.20780346993060553,-1.026839285647128,-0.4059006372636171
2024-09-18,8.512754089538713,0.20409296928937598,-2.7051587729351354,-1.133536054759862
2024-09-19,8.512707159450763,0.20271872209313016,-1.0044523488927268,-0.38675226416994185
2024-09-20,8.512561592513054,0.20312506973253547,0.29981381750474156,0.1813771576004555
2024-09-23,8.512983521355272,0.2068397312207275,2.7213040258814374,1.230513335448514
2024-09-24,8.511814045789563,0.20810336652790012,0.9597259590894396,0.46028323773596536
2024-09-25,8.51170868906741,0.20947410087212234,1.040706816548152,0.4922291332685156
2024-09-26,8.511331000981322,0.21019185225461598,0.5543658376181213,0.2772232178494425
2024-09-27,8.512217604693658,0.20807219204067692,-1.6584046500485385,-0.682852376053123
2024-09-30,8.512218364661708,0.2080696256373827,-0.0020297114952256834,0.040806311568037254
2024-10-01,8.51278565174729,0.20480732857456624,-2.590535803947091,-1.081075123428614
2024-10-03,8.514309352664132,0.20833504304307648,2.7642713886310446,1.2372487528992429
2024-10-04,8.514309537016356,0.2080250313599382,-0.24382478861366508,-0.06787208382735387
2024-10-07,8.515041582613488,0.20942760289943022,1.0788874367161725,0.5100491324013068
2024-10-08,8.513837394371093,0.20587621631766254,-2.694701521831888,-1.1218759503487836
2024-10-09,8.514225671207306,0.20356190206380237,-1.7734603373161235,-0.7214775078051918
2024-10-10,8.51422360808656,0.20358430068869948,0.017214294840499633,0.05620831516508475
2024-10-11,8.515999900859756,0.20031508187422128,-2.556582126363253,-1.0675501318360052
2024-10-14,8.515785469671133,0.1983245648423209,-1.5545415548820642,-0.6255571378975382
2024-10-15,8.516086292110328,0.1989058751031504,0.4450905159087597,0.2438750258513628
2024-10-16,8.516427550406222,0.19686294042131283,-1.5701859002298875,-0.6306496998562392
2024-10-17,8.516684070763585,0.19271832149240814,-3.1912843247082208,-1.3264715954070683
2024-10-18,8.517290645101635,0.19167727100025259,-0.823975622414082,-0.29954191711139894
2024-10-21,8.518438139760743,0.19456719908213146,2.247265406949964,1.026603831918297
2024-10-22,8.517866171537548,0.1936834500164612,-0.6725062429514708,-0.240362056630142
2024-10-23,8.517674172960488,0.19234938156084364,-1.0076884855264439,-0.3827721147407171
2024-10-24,8.524224328774238,0.19944193584934505,5.178681062189298,2.2680132542089235
2024-10-25,8.523973933449371,0.1989331819996028,-0.3739466065594854,-0.11275990113387535
2024-10-28,8.523592393283991,0.19976060466605608,0.614481529499983,0.31110040103643877
2024-10-29,8.52354794742675,0.2005311636943341,0.5714069520917917,0.2908474155302444
2024-10-30,8.523550629536244,0.2005459867027929,0.010891382974222097,0.05033883271393489
2024-10-31,8.523559760828913,0.20063905477072239,0.06794441915326388,0.07328563001566481
2024-11-01,8.523514227868036,0.20091424113353254,0.20142203495512945,0.1310949413252801
2024-11-04,8.524005270872285,0.2017355336383778,0.5874380052695471,0.2963235915032521
2024-11-05,8.523350471886769,0.2025526637175326,0.5992813339697136,0.299813940475247
2024-11-06,8.523800717904624,0.2014643851423999,-0.807710753373442,-0.30274898062931166
2024-11-07,8.554308066985154,0.21509030982201963,9.367677134025854,3.9226296567677736
2024-11-08,8.55413009284569,0.21077112821397115,-3.234258490426697,-1.3119764691837352
2024-11-11,8.555062778220059,0.20545800831808647,-3.9720580682939897,-1.6119622630043313
2024-11-12,8.554973012269365,0.2046815730296154,-0.5825788041370856,-0.21116677755047256
2024-11-13,8.555140525044834,0.2048522759200528,0.12369919891230552,0.07916921311802577
2024-11-14,8.554944629821023,0.20304654279260845,-1.2980535373735052,-0.5062460759573623
2024-11-18,8.557131671964745,0.20060498121863288,-1.7940461601384925,-0.7083304357383428
2024-11-19,8.557249331495255,0.20098013968006032,0.27218932371249593,0.1431751384655127
2024-11-21,8.557556013011807,0.1998393261767642,-0.8297174843970367,-0.30921795801250096
2024-11-22,8.557151323582216,0.2020405672698461,1.602105407938467,0.6959059791065011
2024-11-25,8.557365856741534,0.20134831186502472,-0.5071686073420949,-0.1762511818523175
2024-11-26,8.557552150645273,0.200638763615102,-0.5214141790168867,-0.18305896021509188
2024-11-27,8.557772957738155,0.20201558136270945,1.0020959964583085,0.4467984708253456
2024-11-28,8.558471787107175,0.2036363102089418,1.1601828155113196,0.5139607987158322
2024-11-29,8.558462953195647,0.2036840051879315,0.03424273752494855,0.04677074991592138
2024-12-02,8.558270513991243,0.20442855081392278,0.5365051662889755,0.25325110203416706
2024-12-03,8.558508362489402,0.20327895879367816,-0.8305823359168016,-0.30933005984768386
2024-12-04,8.55854369439288,0.20350899669073075,0.16484039155881192,0.10309866335311546
2024-12-05,8.558687036390179,0.20299510860882392,-0.3702274158856653,-0.12138591979180081
2024-12-06,8.558698339574736,0.2048134324928246,1.3051040527886926,0.5694391709375057
2024-12-09,8.558643520437538,0.2069004817687396,1.4966886354008864,0.6465792103713804
2024-12-10,8.558742710144763,0.20822658050679074,0.94750851264385,0.418364450151072
2024-12-11,8.558741980270158,0.20824019044836853,0.009717431635948515,0.03279009926601962
2024-12-12,8.55879283389919,0.20901276531719193,0.5486570579161878,0.25626566077217855
2024-12-13,8.558651392653564,0.2084672608508214,-0.38310106552023626,-0.12892683172173225
2024-12-16,8.558971721143589,0.20936531926893331,0.6217726970475326,0.28615666276430957
2024-12-17,8.559762943564861,0.21068897831235422,0.897102030431256,0.3983332340148442
2024-12-18,8.559861717671051,0.21100681966999912,0.21293213978802328,0.11170293451437448
2024-12-19,8.559756417368037,0.21041230338879965,-0.39499907890788677,-0.13933183792719675
2024-12-20,8.559224758153242,0.20866799277476686,-1.1451776361274142,-0.45033781637117165
2024-12-23,8.560263902987083,0.20650128251335143,-1.442119808749311,-0.5707344435267034
2024-12-24,8.560261756802932,0.20649317606219472,-0.005349866946147586,0.022057195683322744
2024-12-26,8.560279294142495,0.20605867324447832,-0.2863299563985606,-0.09223466676825931
2024-12-27,8.560971565018178,0.20743303189403844,0.8896427436179977,0.3916968208155802
2024-12-30,8.562739936191907,0.20968158034142323,1.419420811006546,0.6076613843928936
2024-12-31,8.562709193647775,0.21116712170158453,0.9381983558577929,0.40358116487707607
